value,value2
1.6e-05, 0
6e-06, 0
6e-06, 0
6e-06, 0
6e-06, 0
6e-06, 0
6e-06, 0
6e-06, 0
6e-06, 0
6e-06, 0
6e-06, 0
6e-06, 0
6e-06, 0
6e-06, 0
6e-06, 0
6e-06, 0
6e-06, 0
6e-06, 0
6e-06, 0
6e-06, 0
6e-06, 0
6e-06, 0
6e-06, 0
6e-06, 0
6e-06, 0
6e-06, 0
6e-06, 0
6e-06, 0
6e-06, 0
6e-06, 0
6e-06, 0
6e-06, 0
6e-06, 0
6e-06, 0
6e-06, 0
6e-06, 0
6e-06, 0
6e-06, 0
6e-06, 0
6e-06, 0
6e-06, 0
6e-06, 0
6e-06, 0
6e-06, 0
6e-06, 0
6e-06, 0
6e-06, 0
6e-06, 0
6e-06, 0
6e-06, 0
6e-06, 0
6e-06, 0
6e-06, 0
6e-06, 0
6e-06, 0
6e-06, 0
6e-06, 0
6e-06, 0
6e-06, 0
6e-06, 0
6e-06, 0
6e-06, 0
6e-06, 0
6e-06, 0
6e-06, 0
6e-06, 0
6e-06, 0
6e-06, 0
6e-06, 0
6e-06, 0
6e-06, 0
7e-06, 0
7e-06, 0
6e-06, 0
6e-06, 0
6e-06, 0
7e-06, 0
6e-06, 0
6e-06, 0
6e-06, 0
6e-06, 0
6e-06, 0
6e-06, 0
6e-06, 0
6e-06, 0
6e-06, 0
6e-06, 0
6e-06, 0
6e-06, 0
6e-06, 0
6e-06, 0
6e-06, 0
6e-06, 0
6e-06, 0
6e-06, 0
6e-06, 0
0.000485, 0
6e-06, 0
6e-06, 0
7e-06, 0
8e-06, 0
6e-06, 0
6e-06, 0
6e-06, 0
6e-06, 0
6e-06, 0
6e-06, 0
6e-06, 0
6e-06, 0
6e-06, 0
6e-06, 0
6e-06, 0
6e-06, 0
6e-06, 0
6e-06, 0
6e-06, 0
6e-06, 0
6e-06, 0
6e-06, 0
6e-06, 0
6e-06, 0
6e-06, 0
6e-06, 0
6e-06, 0
6e-06, 0
6e-06, 0
6e-06, 0
6e-06, 0
6e-06, 0
6e-06, 0
6e-06, 0
6e-06, 0
6e-06, 0
6e-06, 0
6e-06, 0
6e-06, 0
6e-06, 0
6e-06, 0
6e-06, 0
6e-06, 0
6e-06, 0
6e-06, 0
6e-06, 0
6e-06, 0
6e-06, 0
6e-06, 0
6e-06, 0
6e-06, 0
6e-06, 0
6e-06, 0
6e-06, 0
6e-06, 0
6e-06, 0
6e-06, 0
6e-06, 0
6e-06, 0
6e-06, 0
6e-06, 0
6e-06, 0
6e-06, 0
6e-06, 0
6e-06, 0
6e-06, 0
6e-06, 0
6e-06, 0
6e-06, 0
6e-06, 0
6e-06, 0
6e-06, 0
6e-06, 0
6e-06, 0
6e-06, 0
6e-06, 0
6e-06, 0
6e-06, 0
6e-06, 0
6e-06, 0
6e-06, 0
6e-06, 0
6e-06, 0
6e-06, 0
6e-06, 0
6e-06, 0
6e-06, 0
6e-06, 0
6e-06, 0
6e-06, 0
6e-06, 0
6e-06, 0
6e-06, 0
6e-06, 0
6e-06, 0
6e-06, 0
6e-06, 0
6e-06, 0
6e-06, 0
6e-06, 0
6e-06, 0
6e-06, 0
6e-06, 0
6e-06, 0
6e-06, 0
6e-06, 0
6e-06, 0
6e-06, 0
6e-06, 0
6e-06, 0
6e-06, 0
6e-06, 0
6e-06, 0
6e-06, 0
6e-06, 0
6e-06, 0
6e-06, 0
6e-06, 0
6e-06, 0
6e-06, 0
6e-06, 0
6e-06, 0
6e-06, 0
6e-06, 0
6e-06, 0
6e-06, 0
6e-06, 0
6e-06, 0
6e-06, 0
6e-06, 0
6e-06, 0
6e-06, 0
6e-06, 0
6e-06, 0
6e-06, 0
6e-06, 0
6e-06, 0
6e-06, 0
6e-06, 0
6e-06, 0
6e-06, 0
6e-06, 0
6e-06, 0
6e-06, 0
6e-06, 0
6e-06, 0
6e-06, 0
6e-06, 0
6e-06, 0
6e-06, 0
6e-06, 0
6e-06, 0
6e-06, 0
6e-06, 0
6e-06, 0
6e-06, 0
6e-06, 0
6e-06, 0
6e-06, 0
6e-06, 0
6e-06, 0
6e-06, 0
6e-06, 0
6e-06, 0
6e-06, 0
6e-06, 0
6e-06, 0
6e-06, 0
6e-06, 0
6e-06, 0
6e-06, 0
6e-06, 0
6e-06, 0
6e-06, 0
6e-06, 0
6e-06, 0
6e-06, 0
6e-06, 0
6e-06, 0
6e-06, 0
6e-06, 0
6e-06, 0
6e-06, 0
6e-06, 0
6e-06, 0
6e-06, 0
6e-06, 0
6e-06, 0
6e-06, 0
6e-06, 0
6e-06, 0
6e-06, 0
6e-06, 0
6e-06, 0
6e-06, 0
6e-06, 0
6e-06, 0
6e-06, 0
6e-06, 0
6e-06, 0
6e-06, 0
6e-06, 0
6e-06, 0
6e-06, 0
6e-06, 0
6e-06, 0
7e-06, 0
6e-06, 0
6e-06, 0
6e-06, 0
6e-06, 0
6e-06, 0
6e-06, 0
6e-06, 0
6e-06, 0
6e-06, 0
6e-06, 0
6e-06, 0
6e-06, 0
6e-06, 0
6e-06, 0
6e-06, 0
6e-06, 0
6e-06, 0
6e-06, 0
6e-06, 0
6e-06, 0
6e-06, 0
6e-06, 0
6e-06, 0
6e-06, 0
6e-06, 0
6e-06, 0
6e-06, 0
6e-06, 0
6e-06, 0
6e-06, 0
7e-06, 0
6e-06, 0
6e-06, 0
6e-06, 0
6e-06, 0
6e-06, 0
6e-06, 0
7e-06, 0
6e-06, 0
6e-06, 0
6e-06, 0
6e-06, 0
6e-06, 0
6e-06, 0
6e-06, 0
6e-06, 0
6e-06, 0
6e-06, 0
7e-06, 0
6e-06, 0
6e-06, 0
6e-06, 0
6e-06, 0
6e-06, 0
6e-06, 0
6e-06, 0
6e-06, 0
6e-06, 0
6e-06, 0
8e-06, 0
8e-06, 0
8e-06, 0
1.7e-05, 0
8e-06, 0
8e-06, 0
8e-06, 0
7e-06, 0
9e-06, 0
1.7e-05, 0
6e-06, 0
6e-06, 0
6e-06, 0
6e-06, 0
6e-06, 0
6e-06, 0
6e-06, 0
6e-06, 0
7e-06, 0
6e-06, 0
7e-06, 0
6e-06, 0
6e-06, 0
8e-06, 0
7e-06, 0
8e-06, 0
8e-06, 0
1e-05, 0
8e-06, 0
8e-06, 0
9e-06, 0
9e-06, 0
1.1e-05, 0
9e-06, 0
9e-06, 0
8e-06, 0
9e-06, 0
8e-06, 0
8e-06, 0
9e-06, 0
9e-06, 0
8e-06, 0
8e-06, 0
8e-06, 0
1e-05, 0
9e-06, 0
9e-06, 0
1e-05, 0
8e-06, 0
8e-06, 0
7e-06, 0
8e-06, 0
9e-06, 0
9e-06, 0
8e-06, 0
1e-05, 0
9e-06, 0
1e-05, 0
8e-06, 0
9e-06, 0
8e-06, 0
9e-06, 0
9e-06, 0
1e-05, 0
9e-06, 0
9e-06, 0
8e-06, 0
8e-06, 0
8e-06, 0
8e-06, 0
9e-06, 0
1e-05, 0
8e-06, 0
9e-06, 0
1e-05, 0
9e-06, 0
9e-06, 0
8e-06, 0
9e-06, 0
9e-06, 0
9e-06, 0
9e-06, 0
9e-06, 0
9e-06, 0
9e-06, 0
8e-06, 0
8e-06, 0
8e-06, 0
6e-06, 0
6e-06, 0
6e-06, 0
6e-06, 0
6e-06, 0
6e-06, 0
6e-06, 0
6e-06, 0
6e-06, 0
6e-06, 0
6e-06, 0
6e-06, 0
6e-06, 0
6e-06, 0
6e-06, 0
6e-06, 0
6e-06, 0
6e-06, 0
6e-06, 0
6e-06, 0
6e-06, 0
6e-06, 0
6e-06, 0
6e-06, 0
6e-06, 0
6e-06, 0
6e-06, 0
6e-06, 0
6e-06, 0
6e-06, 0
6e-06, 0
6e-06, 0
6e-06, 0
6e-06, 0
6e-06, 0
7e-06, 0
6e-06, 0
6e-06, 0
7e-06, 0
6e-06, 0
6e-06, 0
6e-06, 0
6e-06, 0
6e-06, 0
6e-06, 0
6e-06, 0
6e-06, 0
7e-06, 0
6e-06, 0
6e-06, 0
6e-06, 0
6e-06, 0
6e-06, 0
7e-06, 0
6e-06, 0
6e-06, 0
6e-06, 0
7e-06, 0
6e-06, 0
6e-06, 0
6e-06, 0
6e-06, 0
6e-06, 0
6e-06, 0
6e-06, 0
6e-06, 0
6e-06, 0
6e-06, 0
6e-06, 0
8e-06, 0
6e-06, 0
6e-06, 0
6e-06, 0
6e-06, 0
6e-06, 0
7e-06, 0
7e-06, 0
6e-06, 0
6e-06, 0
8e-06, 0
8e-06, 0
7e-06, 0
8e-06, 0
8e-06, 0
6e-06, 0
6e-06, 0
6e-06, 0
6e-06, 0
6e-06, 0
6e-06, 0
6e-06, 0
6e-06, 0
8e-06, 0
6e-06, 0
6e-06, 0
6e-06, 0
6e-06, 0
6e-06, 0
6e-06, 0
6e-06, 0
6e-06, 0
6e-06, 0
6e-06, 0
7e-06, 0
6e-06, 0
6e-06, 0
6e-06, 0
6e-06, 0
6e-06, 0
6e-06, 0
6e-06, 0
6e-06, 0
6e-06, 0
6e-06, 0
6e-06, 0
6e-06, 0
6e-06, 0
9e-06, 0
6e-06, 0
6e-06, 0
6e-06, 0
6e-06, 0
6e-06, 0
6e-06, 0
6e-06, 0
6e-06, 0
6e-06, 0
6e-06, 0
6e-06, 0
6e-06, 0
6e-06, 0
6e-06, 0
6e-06, 0
6e-06, 0
6e-06, 0
6e-06, 0
6e-06, 0
6e-06, 0
6e-06, 0
6e-06, 0
8e-06, 0
9e-06, 0
8e-06, 0
8e-06, 0
8e-06, 0
8e-06, 0
8e-06, 0
8e-06, 0
8e-06, 0
8e-06, 0
6e-06, 0
8e-06, 0
7e-06, 0
7e-06, 0
8e-06, 0
8e-06, 0
8e-06, 0
8e-06, 0
6e-06, 0
6e-06, 0
1.1e-05, 0
9e-06, 0
9e-06, 0
1e-05, 0
9e-06, 0
6e-06, 0
9e-06, 0
8e-06, 0
6e-06, 0
6e-06, 0
6e-06, 0
6e-06, 0
6e-06, 0
6e-06, 0
6e-06, 0
6e-06, 0
6e-06, 0
6e-06, 0
8e-06, 0
7e-06, 0
8e-06, 0
6e-06, 0
6e-06, 0
6e-06, 0
6e-06, 0
6e-06, 0
6e-06, 0
6e-06, 0
7e-06, 0
6e-06, 0
6e-06, 0
7e-06, 0
6e-06, 0
6e-06, 0
7e-06, 0
6e-06, 0
6e-06, 0
6e-06, 0
6e-06, 0
6e-06, 0
6e-06, 0
6e-06, 0
6e-06, 0
6e-06, 0
6e-06, 0
6e-06, 0
6e-06, 0
6e-06, 0
6e-06, 0
6e-06, 0
6e-06, 0
6e-06, 0
6e-06, 0
6e-06, 0
6e-06, 0
7e-06, 0
6e-06, 0
6e-06, 0
6e-06, 0
7e-06, 0
6e-06, 0
6e-06, 0
6e-06, 0
6e-06, 0
6e-06, 0
6e-06, 0
6e-06, 0
6e-06, 0
6e-06, 0
6e-06, 0
6e-06, 0
6e-06, 0
6e-06, 0
6e-06, 0
6e-06, 0
6e-06, 0
7e-06, 0
6e-06, 0
6e-06, 0
6e-06, 0
6e-06, 0
6e-06, 0
6e-06, 0
6e-06, 0
6e-06, 0
6e-06, 0
6e-06, 0
6e-06, 0
6e-06, 0
6e-06, 0
6e-06, 0
6e-06, 0
6e-06, 0
6e-06, 0
6e-06, 0
6e-06, 0
6e-06, 0
6e-06, 0
6e-06, 0
7e-06, 0
7e-06, 0
7e-06, 0
6e-06, 0
6e-06, 0
6e-06, 0
6e-06, 0
6e-06, 0
6e-06, 0
6e-06, 0
6e-06, 0
6e-06, 0
6e-06, 0
6e-06, 0
6e-06, 0
6e-06, 0
6e-06, 0
6e-06, 0
6e-06, 0
6e-06, 0
8e-06, 0
6e-06, 0
6e-06, 0
6e-06, 0
6e-06, 0
8e-06, 0
9e-06, 0
8e-06, 0
6e-06, 0
6e-06, 0
6e-06, 0
8e-06, 0
9e-06, 0
1.5e-05, 0
1.5e-05, 0
1.6e-05, 0
6e-06, 0
8e-06, 0
6e-06, 0
6e-06, 0
6e-06, 0
6e-06, 0
6e-06, 0
6e-06, 0
6e-06, 0
6e-06, 0
6e-06, 0
6e-06, 0
6e-06, 0
8e-06, 0
8e-06, 0
8e-06, 0
8e-06, 0
8e-06, 0
8e-06, 0
8e-06, 0
6e-06, 0
6e-06, 0
6e-06, 0
6e-06, 0
6e-06, 0
6e-06, 0
6e-06, 0
6e-06, 0
6e-06, 0
6e-06, 0
6e-06, 0
6e-06, 0
6e-06, 0
6e-06, 0
6e-06, 0
6e-06, 0
6e-06, 0
6e-06, 0
6e-06, 0
6e-06, 0
6e-06, 0
6e-06, 0
6e-06, 0
6e-06, 0
6e-06, 0
6e-06, 0
6e-06, 0
6e-06, 0
6e-06, 0
6e-06, 0
6e-06, 0
6e-06, 0
6e-06, 0
6e-06, 0
6e-06, 0
6e-06, 0
6e-06, 0
6e-06, 0
6e-06, 0
6e-06, 0
6e-06, 0
6e-06, 0
6e-06, 0
6e-06, 0
6e-06, 0
6e-06, 0
6e-06, 0
6e-06, 0
6e-06, 0
6e-06, 0
6e-06, 0
6e-06, 0
6e-06, 0
6e-06, 0
6e-06, 0
6e-06, 0
6e-06, 0
6e-06, 0
6e-06, 0
6e-06, 0
6e-06, 0
6e-06, 0
6e-06, 0
6e-06, 0
6e-06, 0
6e-06, 0
6e-06, 0
6e-06, 0
6e-06, 0
6e-06, 0
6e-06, 0
6e-06, 0
6e-06, 0
6e-06, 0
6e-06, 0
6e-06, 0
6e-06, 0
6e-06, 0
6e-06, 0
6e-06, 0
6e-06, 0
7e-06, 0
6e-06, 0
6e-06, 0
6e-06, 0
6e-06, 0
6e-06, 0
6e-06, 0
6e-06, 0
6e-06, 0
6e-06, 0
6e-06, 0
6e-06, 0
6e-06, 0
6e-06, 0
6e-06, 0
6e-06, 0
6e-06, 0
6e-06, 0
6e-06, 0
6e-06, 0
6e-06, 0
6e-06, 0
6e-06, 0
6e-06, 0
8e-06, 0
7e-06, 0
6e-06, 0
6e-06, 0
6e-06, 0
6e-06, 0
6e-06, 0
6e-06, 0
6e-06, 0
6e-06, 0
6e-06, 0
6e-06, 0
6e-06, 0
6e-06, 0
6e-06, 0
6e-06, 0
6e-06, 0
6e-06, 0
6e-06, 0
6e-06, 0
6e-06, 0
6e-06, 0
6e-06, 0
6e-06, 0
6e-06, 0
6e-06, 0
6e-06, 0
6e-06, 0
6e-06, 0
6e-06, 0
6e-06, 0
6e-06, 0
6e-06, 0
6e-06, 0
6e-06, 0
6e-06, 0
6e-06, 0
6e-06, 0
6e-06, 0
6e-06, 0
7e-06, 0
6e-06, 0
6e-06, 0
6e-06, 0
7e-06, 0
6e-06, 0
6e-06, 0
6e-06, 0
7e-06, 0
6e-06, 0
6e-06, 0
6e-06, 0
6e-06, 0
6e-06, 0
6e-06, 0
6e-06, 0
7e-06, 0
6e-06, 0
6e-06, 0
6e-06, 0
6e-06, 0
6e-06, 0
6e-06, 0
6e-06, 0
6e-06, 0
6e-06, 0
6e-06, 0
6e-06, 0
6e-06, 0
6e-06, 0
6e-06, 0
6e-06, 0
6e-06, 0
6e-06, 0
6e-06, 0
6e-06, 0
6e-06, 0
6e-06, 0
6e-06, 0
6e-06, 0
6e-06, 0
6e-06, 0
6e-06, 0
6e-06, 0
6e-06, 0
6e-06, 0
6e-06, 0
6e-06, 0
6e-06, 0
6e-06, 0
6e-06, 0
6e-06, 0
6e-06, 0
6e-06, 0
6e-06, 0
6e-06, 0
6e-06, 0
6e-06, 0
6e-06, 0
7e-06, 0
6e-06, 0
6e-06, 0
6e-06, 0
6e-06, 0
6e-06, 0
6e-06, 0
0.000471, 0
6e-06, 0
6e-06, 0
6e-06, 0
6e-06, 0
6e-06, 0
6e-06, 0
6e-06, 0
6e-06, 0
6e-06, 0
6e-06, 0
6e-06, 0
6e-06, 0
6e-06, 0
6e-06, 0
6e-06, 0
6e-06, 0
6e-06, 0
6e-06, 0
6e-06, 0
6e-06, 0
6e-06, 0
6e-06, 0
6e-06, 0
6e-06, 0
6e-06, 0
6e-06, 0
6e-06, 0
6e-06, 0
6e-06, 0
6e-06, 0
6e-06, 0
6e-06, 0
6e-06, 0
6e-06, 0
6e-06, 0
6e-06, 0
6e-06, 0
6e-06, 0
6e-06, 0
6e-06, 0
6e-06, 0
6e-06, 0
6e-06, 0
6e-06, 0
6e-06, 0
6e-06, 0
6e-06, 0
6e-06, 0
6e-06, 0
6e-06, 0
6e-06, 0
6e-06, 0
6e-06, 0
6e-06, 0
6e-06, 0
6e-06, 0
6e-06, 0
6e-06, 0
6e-06, 0
6e-06, 0
6e-06, 0
6e-06, 0
6e-06, 0
6e-06, 0
6e-06, 0
6e-06, 0
6e-06, 0
6e-06, 0
6e-06, 0
6e-06, 0
6e-06, 0
6e-06, 0
6e-06, 0
6e-06, 0
6e-06, 0
7e-06, 0
6e-06, 0
6e-06, 0
6e-06, 0
6e-06, 0
6e-06, 0
6e-06, 0
6e-06, 0
6e-06, 0
6e-06, 0
6e-06, 0
6e-06, 0
6e-06, 0
6e-06, 0
6e-06, 0
6e-06, 0
6e-06, 0
6e-06, 0
6e-06, 0
6e-06, 0
6e-06, 0
6e-06, 0
6e-06, 0
6e-06, 0
6e-06, 0
6e-06, 0
6e-06, 0
6e-06, 0
6e-06, 0
6e-06, 0
6e-06, 0
6e-06, 0
6e-06, 0
6e-06, 0
6e-06, 0
6e-06, 0
6e-06, 0
6e-06, 0
6e-06, 0
6e-06, 0
6e-06, 0
6e-06, 0
6e-06, 0
6e-06, 0
7e-06, 0
6e-06, 0
6e-06, 0
6e-06, 0
6e-06, 0
6e-06, 0
6e-06, 0
6e-06, 0
6e-06, 0
6e-06, 0
6e-06, 0
6e-06, 0
6e-06, 0
6e-06, 0
6e-06, 0
6e-06, 0
6e-06, 0
6e-06, 0
6e-06, 0
6e-06, 0
6e-06, 0
7e-06, 0
8e-06, 0
9e-06, 0
6e-06, 0
7e-06, 0
6e-06, 0
6e-06, 0
6e-06, 0
6e-06, 0
6e-06, 0
6e-06, 0
6e-06, 0
6e-06, 0
6e-06, 0
6e-06, 0
6e-06, 0
6e-06, 0
6e-06, 0
6e-06, 0
6e-06, 0
6e-06, 0
6e-06, 0
6e-06, 0
6e-06, 0
6e-06, 0
6e-06, 0
6e-06, 0
6e-06, 0
6e-06, 0
6e-06, 0
6e-06, 0
6e-06, 0
6e-06, 0
6e-06, 0
6e-06, 0
6e-06, 0
6e-06, 0
6e-06, 0
6e-06, 0
6e-06, 0
6e-06, 0
6e-06, 0
6e-06, 0
6e-06, 0
6e-06, 0
6e-06, 0
6e-06, 0
6e-06, 0
6e-06, 0
6e-06, 0
6e-06, 0
6e-06, 0
6e-06, 0
6e-06, 0
6e-06, 0
6e-06, 0
6e-06, 0
6e-06, 0
6e-06, 0
6e-06, 0
6e-06, 0
6e-06, 0
6e-06, 0
6e-06, 0
6e-06, 0
6e-06, 0
6e-06, 0
6e-06, 0
6e-06, 0
6e-06, 0
6e-06, 0
6e-06, 0
6e-06, 0
6e-06, 0
6e-06, 0
6e-06, 0
6e-06, 0
6e-06, 0
6e-06, 0
6e-06, 0
6e-06, 0
6e-06, 0
6e-06, 0
6e-06, 0
6e-06, 0
6e-06, 0
6e-06, 0
6e-06, 0
6e-06, 0
6e-06, 0
6e-06, 0
6e-06, 0
6e-06, 0
6e-06, 0
6e-06, 0
6e-06, 0
6e-06, 0
6e-06, 0
6e-06, 0
6e-06, 0
7e-06, 0
7e-06, 0
7e-06, 0
8e-06, 0
7e-06, 0
8e-06, 0
7e-06, 0
9e-06, 0
8e-06, 0
9e-06, 0
8e-06, 0
8e-06, 0
9e-06, 0
8e-06, 0
8e-06, 0
9e-06, 0
8e-06, 0
8e-06, 0
9e-06, 0
8e-06, 0
3e-05, 0
8e-06, 0
8e-06, 0
8e-06, 0
8e-06, 0
8e-06, 0
8e-06, 0
9e-06, 0
8e-06, 0
8e-06, 0
9e-06, 0
8e-06, 0
8e-06, 0
7e-06, 0
9e-06, 0
6e-06, 0
8e-06, 0
6e-06, 0
8e-06, 0
8e-06, 0
6e-06, 0
8e-06, 0
8e-06, 0
8e-06, 0
8e-06, 0
8e-06, 0
8e-06, 0
8e-06, 0
9e-06, 0
8e-06, 0
1e-05, 0
6e-06, 0
6e-06, 0
8e-06, 0
6e-06, 0
6e-06, 0
6e-06, 0
7e-06, 0
9e-06, 0
9e-06, 0
6e-06, 0
6e-06, 0
6e-06, 0
6e-06, 0
6e-06, 0
6e-06, 0
6e-06, 0
6e-06, 0
6e-06, 0
6e-06, 0
6e-06, 0
6e-06, 0
6e-06, 0
6e-06, 0
6e-06, 0
6e-06, 0
6e-06, 0
6e-06, 0
6e-06, 0
6e-06, 0
6e-06, 0
6e-06, 0
6e-06, 0
6e-06, 0
6e-06, 0
6e-06, 0
6e-06, 0
6e-06, 0
6e-06, 0
6e-06, 0
6e-06, 0
6e-06, 0
6e-06, 0
6e-06, 0
6e-06, 0
6e-06, 0
6e-06, 0
6e-06, 0
6e-06, 0
6e-06, 0
6e-06, 0
6e-06, 0
6e-06, 0
6e-06, 0
6e-06, 0
6e-06, 0
6e-06, 0
6e-06, 0
6e-06, 0
6e-06, 0
6e-06, 0
6e-06, 0
6e-06, 0
6e-06, 0
6e-06, 0
6e-06, 0
6e-06, 0
6e-06, 0
6e-06, 0
6e-06, 0
6e-06, 0
6e-06, 0
6e-06, 0
6e-06, 0
6e-06, 0
6e-06, 0
6e-06, 0
6e-06, 0
6e-06, 0
7e-06, 0
6e-06, 0
6e-06, 0
6e-06, 0
1.1e-05, 0
1.5e-05, 0
1.5e-05, 0
1.5e-05, 0
6e-06, 0
6e-06, 0
6e-06, 0
6e-06, 0
6e-06, 0
6e-06, 0
6e-06, 0
6e-06, 0
6e-06, 0
6e-06, 0
6e-06, 0
6e-06, 0
6e-06, 0
6e-06, 0
6e-06, 0
6e-06, 0
6e-06, 0
6e-06, 0
6e-06, 0
6e-06, 0
7e-06, 0
6e-06, 0
6e-06, 0
6e-06, 0
6e-06, 0
6e-06, 0
6e-06, 0
7e-06, 0
7e-06, 0
6e-06, 0
6e-06, 0
6e-06, 0
6e-06, 0
6e-06, 0
6e-06, 0
6e-06, 0
6e-06, 0
6e-06, 0
6e-06, 0
6e-06, 0
6e-06, 0
6e-06, 0
6e-06, 0
6e-06, 0
6e-06, 0
6e-06, 0
6e-06, 0
6e-06, 0
6e-06, 0
6e-06, 0
6e-06, 0
6e-06, 0
6e-06, 0
6e-06, 0
6e-06, 0
6e-06, 0
6e-06, 0
6e-06, 0
6e-06, 0
6e-06, 0
6e-06, 0
6e-06, 0
6e-06, 0
7e-06, 0
7e-06, 0
6e-06, 0
6e-06, 0
6e-06, 0
7e-06, 0
7e-06, 0
6e-06, 0
6e-06, 0
6e-06, 0
6e-06, 0
6e-06, 0
6e-06, 0
6e-06, 0
6e-06, 0
6e-06, 0
6e-06, 0
6e-06, 0
6e-06, 0
6e-06, 0
6e-06, 0
7e-06, 0
6e-06, 0
6e-06, 0
6e-06, 0
6e-06, 0
7e-06, 0
9e-06, 0
1.6e-05, 0
2.5e-05, 0
9e-06, 0
8e-06, 0
7e-06, 0
8e-06, 0
8e-06, 0
8e-06, 0
8e-06, 0
9e-06, 0
8e-06, 0
8e-06, 0
8e-06, 0
8e-06, 0
8e-06, 0
8e-06, 0
8e-06, 0
9e-06, 0
8e-06, 0
8e-06, 0
9e-06, 0
8e-06, 0
8e-06, 0
8e-06, 0
8e-06, 0
8e-06, 0
9e-06, 0
9e-06, 0
9e-06, 0
7e-06, 0
8e-06, 0
9e-06, 0
8e-06, 0
8e-06, 0
9e-06, 0
9e-06, 0
9e-06, 0
8e-06, 0
9e-06, 0
8e-06, 0
8e-06, 0
9e-06, 0
1e-05, 0
6e-06, 0
6e-06, 0
6e-06, 0
6e-06, 0
7e-06, 0
1.1e-05, 0
6e-06, 0
6e-06, 0
6e-06, 0
8e-06, 0
6e-06, 0
6e-06, 0
6e-06, 0
6e-06, 0
6e-06, 0
6e-06, 0
6e-06, 0
6e-06, 0
6e-06, 0
6e-06, 0
6e-06, 0
6e-06, 0
6e-06, 0
6e-06, 0
6e-06, 0
6e-06, 0
6e-06, 0
6e-06, 0
6e-06, 0
6e-06, 0
6e-06, 0
6e-06, 0
6e-06, 0
6e-06, 0
6e-06, 0
6e-06, 0
6e-06, 0
6e-06, 0
6e-06, 0
6e-06, 0
6e-06, 0
6e-06, 0
6e-06, 0
6e-06, 0
6e-06, 0
6e-06, 0
6e-06, 0
6e-06, 0
6e-06, 0
6e-06, 0
6e-06, 0
6e-06, 0
6e-06, 0
6e-06, 0
6e-06, 0
6e-06, 0
6e-06, 0
6e-06, 0
6e-06, 0
6e-06, 0
6e-06, 0
6e-06, 0
6e-06, 0
6e-06, 0
6e-06, 0
6e-06, 0
6e-06, 0
6e-06, 0
6e-06, 0
6e-06, 0
6e-06, 0
6e-06, 0
6e-06, 0
6e-06, 0
6e-06, 0
6e-06, 0
6e-06, 0
6e-06, 0
3e-05, 0
6e-06, 0
6e-06, 0
6e-06, 0
6e-06, 0
6e-06, 0
6e-06, 0
6e-06, 0
6e-06, 0
6e-06, 0
6e-06, 0
6e-06, 0
6e-06, 0
6e-06, 0
6e-06, 0
6e-06, 0
6e-06, 0
6e-06, 0
6e-06, 0
6e-06, 0
6e-06, 0
6e-06, 0
6e-06, 0
6e-06, 0
6e-06, 0
6e-06, 0
6e-06, 0
6e-06, 0
6e-06, 0
6e-06, 0
6e-06, 0
6e-06, 0
6e-06, 0
6e-06, 0
6e-06, 0
6e-06, 0
6e-06, 0
6e-06, 0
6e-06, 0
6e-06, 0
6e-06, 0
6e-06, 0
6e-06, 0
6e-06, 0
6e-06, 0
6e-06, 0
6e-06, 0
6e-06, 0
6e-06, 0
6e-06, 0
6e-06, 0
6e-06, 0
6e-06, 0
6e-06, 0
6e-06, 0
6e-06, 0
9e-06, 0
7e-06, 0
6e-06, 0
6e-06, 0
6e-06, 0
6e-06, 0
6e-06, 0
6e-06, 0
6e-06, 0
6e-06, 0
6e-06, 0
6e-06, 0
6e-06, 0
6e-06, 0
6e-06, 0
6e-06, 0
6e-06, 0
6e-06, 0
6e-06, 0
6e-06, 0
6e-06, 0
6e-06, 0
6e-06, 0
6e-06, 0
6e-06, 0
6e-06, 0
6e-06, 0
6e-06, 0
6e-06, 0
6e-06, 0
6e-06, 0
8e-06, 0
9e-06, 0
1.5e-05, 0
1.5e-05, 0
1.5e-05, 0
1.5e-05, 0
1.5e-05, 0
1e-05, 0
7e-06, 0
8e-06, 0
8e-06, 0
6e-06, 0
6e-06, 0
6e-06, 0
6e-06, 0
6e-06, 0
6e-06, 0
6e-06, 0
6e-06, 0
6e-06, 0
7e-06, 0
7e-06, 0
8e-06, 0
9e-06, 0
7e-06, 0
7e-06, 0
9e-06, 0
8e-06, 0
8e-06, 0
7e-06, 0
8e-06, 0
6e-06, 0
1.5e-05, 0
1.5e-05, 0
1.5e-05, 0
1.5e-05, 0
1.5e-05, 0
1.5e-05, 0
1.5e-05, 0
6e-06, 0
6e-06, 0
6e-06, 0
6e-06, 0
6e-06, 0
6e-06, 0
6e-06, 0
6e-06, 0
6e-06, 0
6e-06, 0
6e-06, 0
6e-06, 0
6e-06, 0
6e-06, 0
6e-06, 0
6e-06, 0
6e-06, 0
6e-06, 0
6e-06, 0
6e-06, 0
6e-06, 0
6e-06, 0
6e-06, 0
6e-06, 0
6e-06, 0
6e-06, 0
6e-06, 0
6e-06, 0
6e-06, 0
6e-06, 0
6e-06, 0
6e-06, 0
6e-06, 0
6e-06, 0
6e-06, 0
6e-06, 0
6e-06, 0
6e-06, 0
6e-06, 0
6e-06, 0
6e-06, 0
6e-06, 0
6e-06, 0
6e-06, 0
6e-06, 0
6e-06, 0
6e-06, 0
6e-06, 0
6e-06, 0
6e-06, 0
6e-06, 0
6e-06, 0
6e-06, 0
6e-06, 0
6e-06, 0
6e-06, 0
6e-06, 0
6e-06, 0
6e-06, 0
6e-06, 0
6e-06, 0
6e-06, 0
6e-06, 0
6e-06, 0
6e-06, 0
6e-06, 0
7e-06, 0
6e-06, 0
6e-06, 0
6e-06, 0
6e-06, 0
6e-06, 0
6e-06, 0
6e-06, 0
6e-06, 0
6e-06, 0
6e-06, 0
6e-06, 0
6e-06, 0
6e-06, 0
6e-06, 0
6e-06, 0
7e-06, 0
1.5e-05, 0
1.5e-05, 0
1.5e-05, 0
1.5e-05, 0
1.5e-05, 0
1.5e-05, 0
1.1e-05, 0
6e-06, 0
6e-06, 0
6e-06, 0
6e-06, 0
6e-06, 0
9e-06, 0
1e-05, 0
7e-06, 0
7e-06, 0
7e-06, 0
8e-06, 0
7e-06, 0
8e-06, 0
7e-06, 0
7e-06, 0
8e-06, 0
7e-06, 0
6e-06, 0
6e-06, 0
6e-06, 0
6e-06, 0
6e-06, 0
7e-06, 0
7e-06, 0
6e-06, 0
6e-06, 0
6e-06, 0
6e-06, 0
6e-06, 0
6e-06, 0
7e-06, 0
7e-06, 0
7e-06, 0
6e-06, 0
6e-06, 0
6e-06, 0
6e-06, 0
6e-06, 0
6e-06, 0
6e-06, 0
6e-06, 0
6e-06, 0
6e-06, 0
6e-06, 0
6e-06, 0
6e-06, 0
6e-06, 0
6e-06, 0
6e-06, 0
6e-06, 0
6e-06, 0
6e-06, 0
6e-06, 0
6e-06, 0
6e-06, 0
6e-06, 0
6e-06, 0
6e-06, 0
6e-06, 0
6e-06, 0
6e-06, 0
6e-06, 0
6e-06, 0
6e-06, 0
6e-06, 0
6e-06, 0
6e-06, 0
6e-06, 0
6e-06, 0
6e-06, 0
6e-06, 0
6e-06, 0
6e-06, 0
6e-06, 0
6e-06, 0
6e-06, 0
0.000473, 0
6e-06, 0
6e-06, 0
6e-06, 0
6e-06, 0
6e-06, 0
6e-06, 0
6e-06, 0
6e-06, 0
6e-06, 0
6e-06, 0
6e-06, 0
6e-06, 0
6e-06, 0
6e-06, 0
6e-06, 0
6e-06, 0
6e-06, 0
6e-06, 0
6e-06, 0
6e-06, 0
6e-06, 0
6e-06, 0
6e-06, 0
6e-06, 0
6e-06, 0
6e-06, 0
6e-06, 0
6e-06, 0
6e-06, 0
6e-06, 0
6e-06, 0
6e-06, 0
6e-06, 0
6e-06, 0
6e-06, 0
6e-06, 0
6e-06, 0
6e-06, 0
6e-06, 0
6e-06, 0
6e-06, 0
6e-06, 0
6e-06, 0
6e-06, 0
6e-06, 0
6e-06, 0
6e-06, 0
6e-06, 0
6e-06, 0
6e-06, 0
6e-06, 0
6e-06, 0
6e-06, 0
6e-06, 0
6e-06, 0
6e-06, 0
6e-06, 0
6e-06, 0
6e-06, 0
6e-06, 0
6e-06, 0
6e-06, 0
6e-06, 0
6e-06, 0
6e-06, 0
6e-06, 0
6e-06, 0
6e-06, 0
6e-06, 0
6e-06, 0
6e-06, 0
6e-06, 0
6e-06, 0
6e-06, 0
6e-06, 0
6e-06, 0
6e-06, 0
6e-06, 0
6e-06, 0
6e-06, 0
6e-06, 0
6e-06, 0
6e-06, 0
6e-06, 0
6e-06, 0
6e-06, 0
6e-06, 0
6e-06, 0
7e-06, 0
6e-06, 0
6e-06, 0
6e-06, 0
6e-06, 0
6e-06, 0
6e-06, 0
7e-06, 0
6e-06, 0
6e-06, 0
6e-06, 0
6e-06, 0
6e-06, 0
6e-06, 0
6e-06, 0
6e-06, 0
6e-06, 0
6e-06, 0
6e-06, 0
6e-06, 0
6e-06, 0
6e-06, 0
6e-06, 0
6e-06, 0
6e-06, 0
6e-06, 0
6e-06, 0
6e-06, 0
9e-06, 0
8e-06, 0
9e-06, 0
8e-06, 0
8e-06, 0
6e-06, 0
6e-06, 0
6e-06, 0
6e-06, 0
6e-06, 0
6e-06, 0
8e-06, 0
6e-06, 0
6e-06, 0
6e-06, 0
6e-06, 0
6e-06, 0
6e-06, 0
6e-06, 0
6e-06, 0
6e-06, 0
6e-06, 0
6e-06, 0
6e-06, 0
6e-06, 0
6e-06, 0
6e-06, 0
6e-06, 0
6e-06, 0
6e-06, 0
6e-06, 0
7e-06, 0
8e-06, 0
6e-06, 0
6e-06, 0
6e-06, 0
6e-06, 0
6e-06, 0
6e-06, 0
6e-06, 0
8e-06, 0
7e-06, 0
6e-06, 0
7e-06, 0
8e-06, 0
9e-06, 0
9e-06, 0
6e-06, 0
6e-06, 0
9e-06, 0
6e-06, 0
6e-06, 0
6e-06, 0
6e-06, 0
6e-06, 0
6e-06, 0
6e-06, 0
7e-06, 0
7e-06, 0
6e-06, 0
6e-06, 0
6e-06, 0
6e-06, 0
6e-06, 0
6e-06, 0
6e-06, 0
6e-06, 0
6e-06, 0
6e-06, 0
6e-06, 0
6e-06, 0
6e-06, 0
6e-06, 0
6e-06, 0
6e-06, 0
6e-06, 0
6e-06, 0
6e-06, 0
6e-06, 0
6e-06, 0
6e-06, 0
6e-06, 0
6e-06, 0
6e-06, 0
6e-06, 0
6e-06, 0
6e-06, 0
6e-06, 0
6e-06, 0
6e-06, 0
6e-06, 0
6e-06, 0
6e-06, 0
6e-06, 0
6e-06, 0
6e-06, 0
6e-06, 0
6e-06, 0
6e-06, 0
6e-06, 0
6e-06, 0
6e-06, 0
6e-06, 0
6e-06, 0
6e-06, 0
6e-06, 0
6e-06, 0
6e-06, 0
6e-06, 0
6e-06, 0
7e-06, 0
6e-06, 0
6e-06, 0
6e-06, 0
6e-06, 0
6e-06, 0
6e-06, 0
6e-06, 0
7e-06, 0
9e-06, 0
1.5e-05, 0
1.5e-05, 0
1.5e-05, 0
6e-06, 0
6e-06, 0
6e-06, 0
6e-06, 0
7e-06, 0
7e-06, 0
8e-06, 0
7e-06, 0
7e-06, 0
8e-06, 0
8e-06, 0
6e-06, 0
6e-06, 0
6e-06, 0
6e-06, 0
6e-06, 0
6e-06, 0
6e-06, 0
6e-06, 0
6e-06, 0
6e-06, 0
6e-06, 0
6e-06, 0
6e-06, 0
6e-06, 0
6e-06, 0
6e-06, 0
6e-06, 0
6e-06, 0
6e-06, 0
6e-06, 0
6e-06, 0
6e-06, 0
6e-06, 0
6e-06, 0
6e-06, 0
6e-06, 0
6e-06, 0
6e-06, 0
6e-06, 0
6e-06, 0
6e-06, 0
6e-06, 0
6e-06, 0
6e-06, 0
6e-06, 0
6e-06, 0
6e-06, 0
6e-06, 0
6e-06, 0
6e-06, 0
6e-06, 0
6e-06, 0
6e-06, 0
6e-06, 0
6e-06, 0
6e-06, 0
6e-06, 0
6e-06, 0
6e-06, 0
6e-06, 0
6e-06, 0
6e-06, 0
6e-06, 0
6e-06, 0
6e-06, 0
6e-06, 0
6e-06, 0
6e-06, 0
6e-06, 0
6e-06, 0
6e-06, 0
6e-06, 0
6e-06, 0
6e-06, 0
6e-06, 0
6e-06, 0
6e-06, 0
6e-06, 0
6e-06, 0
6e-06, 0
6e-06, 0
6e-06, 0
6e-06, 0
6e-06, 0
6e-06, 0
6e-06, 0
6e-06, 0
6e-06, 0
6e-06, 0
6e-06, 0
6e-06, 0
6e-06, 0
6e-06, 0
6e-06, 0
6e-06, 0
6e-06, 0
6e-06, 0
6e-06, 0
6e-06, 0
6e-06, 0
7e-06, 0
6e-06, 0
6e-06, 0
1.5e-05, 0
6e-06, 0
6e-06, 0
6e-06, 0
6e-06, 0
6e-06, 0
6e-06, 0
6e-06, 0
6e-06, 0
6e-06, 0
6e-06, 0
6e-06, 0
6e-06, 0
6e-06, 0
6e-06, 0
6e-06, 0
6e-06, 0
6e-06, 0
6e-06, 0
6e-06, 0
6e-06, 0
6e-06, 0
6e-06, 0
6e-06, 0
6e-06, 0
6e-06, 0
6e-06, 0
6e-06, 0
6e-06, 0
6e-06, 0
6e-06, 0
6e-06, 0
6e-06, 0
6e-06, 0
6e-06, 0
6e-06, 0
6e-06, 0
6e-06, 0
6e-06, 0
6e-06, 0
6e-06, 0
6e-06, 0
6e-06, 0
6e-06, 0
6e-06, 0
6e-06, 0
6e-06, 0
6e-06, 0
6e-06, 0
6e-06, 0
6e-06, 0
6e-06, 0
6e-06, 0
6e-06, 0
6e-06, 0
6e-06, 0
6e-06, 0
6e-06, 0
6e-06, 0
6e-06, 0
6e-06, 0
6e-06, 0
6e-06, 0
6e-06, 0
6e-06, 0
6e-06, 0
6e-06, 0
6e-06, 0
6e-06, 0
6e-06, 0
6e-06, 0
6e-06, 0
6e-06, 0
6e-06, 0
6e-06, 0
6e-06, 0
6e-06, 0
6e-06, 0
6e-06, 0
6e-06, 0
6e-06, 0
6e-06, 0
6e-06, 0
6e-06, 0
6e-06, 0
6e-06, 0
6e-06, 0
6e-06, 0
6e-06, 0
6e-06, 0
6e-06, 0
6e-06, 0
6e-06, 0
6e-06, 0
6e-06, 0
6e-06, 0
6e-06, 0
6e-06, 0
6e-06, 0
6e-06, 0
6e-06, 0
6e-06, 0
6e-06, 0
6e-06, 0
6e-06, 0
6e-06, 0
6e-06, 0
6e-06, 0
6e-06, 0
6e-06, 0
6e-06, 0
6e-06, 0
6e-06, 0
6e-06, 0
6e-06, 0
6e-06, 0
6e-06, 0
6e-06, 0
6e-06, 0
6e-06, 0
6e-06, 0
6e-06, 0
6e-06, 0
6e-06, 0
6e-06, 0
6e-06, 0
6e-06, 0
6e-06, 0
6e-06, 0
6e-06, 0
6e-06, 0
6e-06, 0
6e-06, 0
6e-06, 0
6e-06, 0
6e-06, 0
6e-06, 0
6e-06, 0
6e-06, 0
6e-06, 0
6e-06, 0
6e-06, 0
6e-06, 0
6e-06, 0
6e-06, 0
6e-06, 0
6e-06, 0
6e-06, 0
6e-06, 0
6e-06, 0
6e-06, 0
6e-06, 0
6e-06, 0
6e-06, 0
6e-06, 0
6e-06, 0
6e-06, 0
6e-06, 0
6e-06, 0
6e-06, 0
6e-06, 0
6e-06, 0
6e-06, 0
6e-06, 0
6e-06, 0
6e-06, 0
6e-06, 0
6e-06, 0
6e-06, 0
6e-06, 0
6e-06, 0
6e-06, 0
6e-06, 0
6e-06, 0
6e-06, 0
6e-06, 0
6e-06, 0
6e-06, 0
6e-06, 0
6e-06, 0
6e-06, 0
6e-06, 0
6e-06, 0
6e-06, 0
6e-06, 0
6e-06, 0
6e-06, 0
6e-06, 0
6e-06, 0
6e-06, 0
6e-06, 0
6e-06, 0
6e-06, 0
6e-06, 0
6e-06, 0
6e-06, 0
6e-06, 0
6e-06, 0
6e-06, 0
6e-06, 0
6e-06, 0
6e-06, 0
6e-06, 0
6e-06, 0
6e-06, 0
6e-06, 0
6e-06, 0
6e-06, 0
6e-06, 0
6e-06, 0
6e-06, 0
6e-06, 0
6e-06, 0
9e-06, 0
8e-06, 0
8e-06, 0
8e-06, 0
9e-06, 0
8e-06, 0
9e-06, 0
9e-06, 0
8e-06, 0
9e-06, 0
9e-06, 0
9e-06, 0
9e-06, 0
8e-06, 0
8e-06, 0
7e-06, 0
8e-06, 0
7e-06, 0
8e-06, 0
9e-06, 0
8e-06, 0
8e-06, 0
7e-06, 0
8e-06, 0
8e-06, 0
8e-06, 0
8e-06, 0
8e-06, 0
8e-06, 0
8e-06, 0
8e-06, 0
8e-06, 0
9e-06, 0
8e-06, 0
8e-06, 0
8e-06, 0
8e-06, 0
8e-06, 0
8e-06, 0
7e-06, 0
7e-06, 0
7e-06, 0
7e-06, 0
7e-06, 0
8e-06, 0
9e-06, 0
9e-06, 0
9e-06, 0
9e-06, 0
8e-06, 0
8e-06, 0
9e-06, 0
9e-06, 0
9e-06, 0
9e-06, 0
9e-06, 0
9e-06, 0
8e-06, 0
9e-06, 0
8e-06, 0
9e-06, 0
9e-06, 0
8e-06, 0
9e-06, 0
8e-06, 0
8e-06, 0
8e-06, 0
7e-06, 0
8e-06, 0
9e-06, 0
8e-06, 0
8e-06, 0
9e-06, 0
9e-06, 0
8e-06, 0
8e-06, 0
8e-06, 0
8e-06, 0
9e-06, 0
9e-06, 0
8e-06, 0
9e-06, 0
8e-06, 0
8e-06, 0
8e-06, 0
9e-06, 0
9e-06, 0
9e-06, 0
8e-06, 0
9e-06, 0
8e-06, 0
9e-06, 0
9e-06, 0
9e-06, 0
8e-06, 0
8e-06, 0
8e-06, 0
9e-06, 0
9e-06, 0
9e-06, 0
9e-06, 0
8e-06, 0
9e-06, 0
9e-06, 0
9e-06, 0
8e-06, 0
9e-06, 0
8e-06, 0
9e-06, 0
9e-06, 0
9e-06, 0
8e-06, 0
8e-06, 0
9e-06, 0
8e-06, 0
8e-06, 0
9e-06, 0
8e-06, 0
9e-06, 0
8e-06, 0
8e-06, 0
8e-06, 0
8e-06, 0
8e-06, 0
8e-06, 0
8e-06, 0
8e-06, 0
8e-06, 0
9e-06, 0
9e-06, 0
9e-06, 0
9e-06, 0
8e-06, 0
8e-06, 0
8e-06, 0
9e-06, 0
9e-06, 0
9e-06, 0
9e-06, 0
9e-06, 0
8e-06, 0
9e-06, 0
9e-06, 0
8e-06, 0
9e-06, 0
8e-06, 0
9e-06, 0
9e-06, 0
9e-06, 0
8e-06, 0
8e-06, 0
8e-06, 0
9e-06, 0
9e-06, 0
9e-06, 0
9e-06, 0
8e-06, 0
9e-06, 0
9e-06, 0
9e-06, 0
8e-06, 0
9e-06, 0
8e-06, 0
9e-06, 0
9e-06, 0
9e-06, 0
9e-06, 0
8e-06, 0
8e-06, 0
9e-06, 0
9e-06, 0
8e-06, 0
9e-06, 0
8e-06, 0
9e-06, 0
9e-06, 0
9e-06, 0
8e-06, 0
9e-06, 0
9e-06, 0
9e-06, 0
9e-06, 0
9e-06, 0
9e-06, 0
8e-06, 0
9e-06, 0
9e-06, 0
9e-06, 0
8e-06, 0
9e-06, 0
8e-06, 0
9e-06, 0
9e-06, 0
9e-06, 0
9e-06, 0
8e-06, 0
9e-06, 0
8e-06, 0
8e-06, 0
8e-06, 0
8e-06, 0
8e-06, 0
8e-06, 0
8e-06, 0
8e-06, 0
8e-06, 0
9e-06, 0
9e-06, 0
9e-06, 0
8e-06, 0
8e-06, 0
8e-06, 0
9e-06, 0
8e-06, 0
9e-06, 0
8e-06, 0
9e-06, 0
9e-06, 0
9e-06, 0
7e-06, 0
9e-06, 0
9e-06, 0
8e-06, 0
8e-06, 0
7e-06, 0
7e-06, 0
7e-06, 0
7e-06, 0
8e-06, 0
8e-06, 0
8e-06, 0
9e-06, 0
9e-06, 0
9e-06, 0
9e-06, 0
9e-06, 0
9e-06, 0
9e-06, 0
9e-06, 0
9e-06, 0
9e-06, 0
8e-06, 0
8e-06, 0
8e-06, 0
8e-06, 0
8e-06, 0
8e-06, 0
9e-06, 0
8e-06, 0
8e-06, 0
9e-06, 0
9e-06, 0
8e-06, 0
8e-06, 0
9e-06, 0
9e-06, 0
9e-06, 0
9e-06, 0
9e-06, 0
8e-06, 0
8e-06, 0
7e-06, 0
6e-06, 0
6e-06, 0
8e-06, 0
7e-06, 0
6e-06, 0
6e-06, 0
6e-06, 0
6e-06, 0
6e-06, 0
6e-06, 0
6e-06, 0
6e-06, 0
6e-06, 0
6e-06, 0
6e-06, 0
6e-06, 0
6e-06, 0
6e-06, 0
6e-06, 0
6e-06, 0
6e-06, 0
6e-06, 0
6e-06, 0
6e-06, 0
6e-06, 0
6e-06, 0
6e-06, 0
6e-06, 0
6e-06, 0
6e-06, 0
6e-06, 0
6e-06, 0
6e-06, 0
6e-06, 0
6e-06, 0
6e-06, 0
6e-06, 0
6e-06, 0
7e-06, 0
1.2e-05, 0
6e-06, 0
6e-06, 0
6e-06, 0
6e-06, 0
6e-06, 0
6e-06, 0
6e-06, 0
6e-06, 0
6e-06, 0
6e-06, 0
6e-06, 0
6e-06, 0
6e-06, 0
6e-06, 0
6e-06, 0
6e-06, 0
6e-06, 0
6e-06, 0
6e-06, 0
6e-06, 0
6e-06, 0
6e-06, 0
0.000527, 0
6e-06, 0
6e-06, 0
6e-06, 0
6e-06, 0
6e-06, 0
6e-06, 0
6e-06, 0
6e-06, 0
6e-06, 0
6e-06, 0
6e-06, 0
6e-06, 0
6e-06, 0
6e-06, 0
6e-06, 0
6e-06, 0
6e-06, 0
6e-06, 0
6e-06, 0
6e-06, 0
6e-06, 0
6e-06, 0
6e-06, 0
6e-06, 0
6e-06, 0
6e-06, 0
6e-06, 0
6e-06, 0
6e-06, 0
6e-06, 0
6e-06, 0
6e-06, 0
6e-06, 0
6e-06, 0
6e-06, 0
6e-06, 0
6e-06, 0
6e-06, 0
6e-06, 0
6e-06, 0
6e-06, 0
6e-06, 0
6e-06, 0
6e-06, 0
6e-06, 0
6e-06, 0
6e-06, 0
6e-06, 0
6e-06, 0
6e-06, 0
6e-06, 0
6e-06, 0
6e-06, 0
6e-06, 0
6e-06, 0
6e-06, 0
6e-06, 0
6e-06, 0
6e-06, 0
6e-06, 0
6e-06, 0
6e-06, 0
6e-06, 0
6e-06, 0
6e-06, 0
6e-06, 0
6e-06, 0
6e-06, 0
6e-06, 0
6e-06, 0
6e-06, 0
6e-06, 0
6e-06, 0
6e-06, 0
6e-06, 0
6e-06, 0
6e-06, 0
6e-06, 0
6e-06, 0
6e-06, 0
6e-06, 0
6e-06, 0
6e-06, 0
6e-06, 0
6e-06, 0
6e-06, 0
6e-06, 0
6e-06, 0
6e-06, 0
6e-06, 0
6e-06, 0
6e-06, 0
6e-06, 0
6e-06, 0
6e-06, 0
6e-06, 0
6e-06, 0
6e-06, 0
6e-06, 0
6e-06, 0
6e-06, 0
6e-06, 0
6e-06, 0
6e-06, 0
6e-06, 0
6e-06, 0
6e-06, 0
6e-06, 0
6e-06, 0
6e-06, 0
6e-06, 0
6e-06, 0
6e-06, 0
6e-06, 0
6e-06, 0
6e-06, 0
6e-06, 0
6e-06, 0
6e-06, 0
6e-06, 0
6e-06, 0
6e-06, 0
6e-06, 0
6e-06, 0
6e-06, 0
6e-06, 0
6e-06, 0
6e-06, 0
6e-06, 0
6e-06, 0
6e-06, 0
6e-06, 0
6e-06, 0
6e-06, 0
6e-06, 0
6e-06, 0
6e-06, 0
6e-06, 0
6e-06, 0
6e-06, 0
6e-06, 0
6e-06, 0
6e-06, 0
6e-06, 0
6e-06, 0
6e-06, 0
6e-06, 0
6e-06, 0
6e-06, 0
6e-06, 0
6e-06, 0
6e-06, 0
6e-06, 0
6e-06, 0
6e-06, 0
6e-06, 0
6e-06, 0
6e-06, 0
6e-06, 0
7e-06, 0
6e-06, 0
6e-06, 0
6e-06, 0
6e-06, 0
6e-06, 0
6e-06, 0
6e-06, 0
6e-06, 0
6e-06, 0
6e-06, 0
6e-06, 0
6e-06, 0
6e-06, 0
6e-06, 0
6e-06, 0
6e-06, 0
6e-06, 0
6e-06, 0
6e-06, 0
6e-06, 0
6e-06, 0
6e-06, 0
6e-06, 0
6e-06, 0
6e-06, 0
6e-06, 0
6e-06, 0
6e-06, 0
6e-06, 0
6e-06, 0
6e-06, 0
6e-06, 0
6e-06, 0
6e-06, 0
6e-06, 0
6e-06, 0
6e-06, 0
6e-06, 0
6e-06, 0
6e-06, 0
6e-06, 0
6e-06, 0
6e-06, 0
6e-06, 0
6e-06, 0
6e-06, 0
6e-06, 0
6e-06, 0
6e-06, 0
6e-06, 0
7e-06, 0
7e-06, 0
6e-06, 0
7e-06, 0
7e-06, 0
8e-06, 0
8e-06, 0
8e-06, 0
7e-06, 0
9e-06, 0
6e-06, 0
6e-06, 0
6e-06, 0
6e-06, 0
6e-06, 0
6e-06, 0
6e-06, 0
6e-06, 0
7e-06, 0
6e-06, 0
6e-06, 0
6e-06, 0
6e-06, 0
6e-06, 0
8e-06, 0
6e-06, 0
6e-06, 0
6e-06, 0
6e-06, 0
6e-06, 0
6e-06, 0
6e-06, 0
6e-06, 0
6e-06, 0
6e-06, 0
6e-06, 0
6e-06, 0
6e-06, 0
6e-06, 0
6e-06, 0
6e-06, 0
6e-06, 0
6e-06, 0
6e-06, 0
6e-06, 0
6e-06, 0
6e-06, 0
6e-06, 0
6e-06, 0
6e-06, 0
6e-06, 0
6e-06, 0
6e-06, 0
6e-06, 0
6e-06, 0
6e-06, 0
1.4e-05, 0
6e-06, 0
6e-06, 0
6e-06, 0
6e-06, 0
6e-06, 0
6e-06, 0
6e-06, 0
6e-06, 0
6e-06, 0
6e-06, 0
6e-06, 0
6e-06, 0
6e-06, 0
6e-06, 0
6e-06, 0
6e-06, 0
6e-06, 0
6e-06, 0
6e-06, 0
6e-06, 0
6e-06, 0
6e-06, 0
6e-06, 0
6e-06, 0
6e-06, 0
6e-06, 0
6e-06, 0
6e-06, 0
6e-06, 0
6e-06, 0
6e-06, 0
6e-06, 0
6e-06, 0
6e-06, 0
6e-06, 0
6e-06, 0
6e-06, 0
6e-06, 0
6e-06, 0
6e-06, 0
6e-06, 0
6e-06, 0
6e-06, 0
6e-06, 0
6e-06, 0
6e-06, 0
6e-06, 0
6e-06, 0
6e-06, 0
6e-06, 0
6e-06, 0
6e-06, 0
6e-06, 0
6e-06, 0
6e-06, 0
6e-06, 0
6e-06, 0
6e-06, 0
6e-06, 0
6e-06, 0
6e-06, 0
6e-06, 0
6e-06, 0
6e-06, 0
6e-06, 0
6e-06, 0
6e-06, 0
6e-06, 0
6e-06, 0
6e-06, 0
6e-06, 0
6e-06, 0
6e-06, 0
6e-06, 0
6e-06, 0
6e-06, 0
6e-06, 0
6e-06, 0
6e-06, 0
6e-06, 0
6e-06, 0
6e-06, 0
6e-06, 0
6e-06, 0
6e-06, 0
6e-06, 0
6e-06, 0
6e-06, 0
6e-06, 0
6e-06, 0
6e-06, 0
6e-06, 0
6e-06, 0
6e-06, 0
6e-06, 0
6e-06, 0
6e-06, 0
6e-06, 0
6e-06, 0
6e-06, 0
6e-06, 0
6e-06, 0
6e-06, 0
6e-06, 0
6e-06, 0
6e-06, 0
6e-06, 0
6e-06, 0
6e-06, 0
6e-06, 0
6e-06, 0
6e-06, 0
6e-06, 0
6e-06, 0
6e-06, 0
6e-06, 0
6e-06, 0
6e-06, 0
6e-06, 0
6e-06, 0
6e-06, 0
6e-06, 0
6e-06, 0
6e-06, 0
6e-06, 0
6e-06, 0
6e-06, 0
6e-06, 0
6e-06, 0
6e-06, 0
6e-06, 0
6e-06, 0
6e-06, 0
6e-06, 0
6e-06, 0
6e-06, 0
6e-06, 0
6e-06, 0
6e-06, 0
6e-06, 0
6e-06, 0
6e-06, 0
6e-06, 0
6e-06, 0
6e-06, 0
6e-06, 0
6e-06, 0
6e-06, 0
6e-06, 0
6e-06, 0
6e-06, 0
6e-06, 0
6e-06, 0
6e-06, 0
6e-06, 0
6e-06, 0
6e-06, 0
6e-06, 0
6e-06, 0
6e-06, 0
6e-06, 0
6e-06, 0
6e-06, 0
6e-06, 0
6e-06, 0
6e-06, 0
6e-06, 0
6e-06, 0
6e-06, 0
6e-06, 0
6e-06, 0
6e-06, 0
6e-06, 0
6e-06, 0
6e-06, 0
6e-06, 0
6e-06, 0
6e-06, 0
6e-06, 0
6e-06, 0
6e-06, 0
6e-06, 0
6e-06, 0
6e-06, 0
6e-06, 0
6e-06, 0
6e-06, 0
6e-06, 0
6e-06, 0
6e-06, 0
6e-06, 0
6e-06, 0
6e-06, 0
6e-06, 0
6e-06, 0
6e-06, 0
6e-06, 0
6e-06, 0
6e-06, 0
6e-06, 0
6e-06, 0
6e-06, 0
6e-06, 0
6e-06, 0
6e-06, 0
6e-06, 0
6e-06, 0
6e-06, 0
6e-06, 0
6e-06, 0
6e-06, 0
6e-06, 0
6e-06, 0
6e-06, 0
6e-06, 0
6e-06, 0
6e-06, 0
6e-06, 0
6e-06, 0
6e-06, 0
6e-06, 0
6e-06, 0
6e-06, 0
6e-06, 0
6e-06, 0
6e-06, 0
6e-06, 0
6e-06, 0
6e-06, 0
6e-06, 0
6e-06, 0
6e-06, 0
6e-06, 0
6e-06, 0
6e-06, 0
6e-06, 0
7e-06, 0
6e-06, 0
6e-06, 0
6e-06, 0
6e-06, 0
6e-06, 0
6e-06, 0
6e-06, 0
6e-06, 0
6e-06, 0
6e-06, 0
6e-06, 0
6e-06, 0
6e-06, 0
6e-06, 0
6e-06, 0
6e-06, 0
6e-06, 0
6e-06, 0
6e-06, 0
6e-06, 0
6e-06, 0
6e-06, 0
6e-06, 0
6e-06, 0
6e-06, 0
6e-06, 0
6e-06, 0
6e-06, 0
6e-06, 0
6e-06, 0
6e-06, 0
6e-06, 0
6e-06, 0
6e-06, 0
6e-06, 0
6e-06, 0
6e-06, 0
6e-06, 0
6e-06, 0
6e-06, 0
6e-06, 0
6e-06, 0
6e-06, 0
6e-06, 0
6e-06, 0
6e-06, 0
6e-06, 0
6e-06, 0
6e-06, 0
6e-06, 0
6e-06, 0
6e-06, 0
6e-06, 0
6e-06, 0
6e-06, 0
6e-06, 0
6e-06, 0
6e-06, 0
6e-06, 0
6e-06, 0
6e-06, 0
6e-06, 0
6e-06, 0
6e-06, 0
6e-06, 0
6e-06, 0
6e-06, 0
6e-06, 0
6e-06, 0
6e-06, 0
6e-06, 0
6e-06, 0
6e-06, 0
6e-06, 0
6e-06, 0
6e-06, 0
6e-06, 0
6e-06, 0
6e-06, 0
6e-06, 0
7e-06, 0
6e-06, 0
6e-06, 0
6e-06, 0
6e-06, 0
6e-06, 0
6e-06, 0
6e-06, 0
6e-06, 0
6e-06, 0
6e-06, 0
6e-06, 0
6e-06, 0
6e-06, 0
6e-06, 0
6e-06, 0
6e-06, 0
6e-06, 0
6e-06, 0
6e-06, 0
6e-06, 0
6e-06, 0
6e-06, 0
6e-06, 0
6e-06, 0
8e-06, 0
7e-06, 0
7e-06, 0
9e-06, 0
6e-06, 0
6e-06, 0
6e-06, 0
9e-06, 0
6e-06, 0
6e-06, 0
6e-06, 0
6e-06, 0
6e-06, 0
6e-06, 0
6e-06, 0
6e-06, 0
8e-06, 0
6e-06, 0
6e-06, 0
6e-06, 0
6e-06, 0
6e-06, 0
6e-06, 0
6e-06, 0
6e-06, 0
6e-06, 0
6e-06, 0
6e-06, 0
6e-06, 0
6e-06, 0
6e-06, 0
6e-06, 0
6e-06, 0
6e-06, 0
6e-06, 0
6e-06, 0
6e-06, 0
6e-06, 0
6e-06, 0
6e-06, 0
6e-06, 0
6e-06, 0
6e-06, 0
6e-06, 0
6e-06, 0
6e-06, 0
6e-06, 0
6e-06, 0
6e-06, 0
6e-06, 0
6e-06, 0
6e-06, 0
6e-06, 0
6e-06, 0
6e-06, 0
6e-06, 0
6e-06, 0
6e-06, 0
6e-06, 0
6e-06, 0
6e-06, 0
6e-06, 0
6e-06, 0
6e-06, 0
6e-06, 0
6e-06, 0
6e-06, 0
6e-06, 0
6e-06, 0
6e-06, 0
6e-06, 0
6e-06, 0
6e-06, 0
6e-06, 0
6e-06, 0
6e-06, 0
6e-06, 0
6e-06, 0
6e-06, 0
6e-06, 0
6e-06, 0
6e-06, 0
6e-06, 0
6e-06, 0
6e-06, 0
6e-06, 0
6e-06, 0
6e-06, 0
6e-06, 0
6e-06, 0
6e-06, 0
6e-06, 0
6e-06, 0
6e-06, 0
6e-06, 0
6e-06, 0
6e-06, 0
6e-06, 0
6e-06, 0
6e-06, 0
6e-06, 0
6e-06, 0
6e-06, 0
6e-06, 0
6e-06, 0
6e-06, 0
6e-06, 0
6e-06, 0
6e-06, 0
6e-06, 0
6e-06, 0
6e-06, 0
6e-06, 0
6e-06, 0
6e-06, 0
6e-06, 0
6e-06, 0
6e-06, 0
6e-06, 0
6e-06, 0
6e-06, 0
6e-06, 0
7e-06, 0
6e-06, 0
6e-06, 0
6e-06, 0
6e-06, 0
6e-06, 0
6e-06, 0
6e-06, 0
6e-06, 0
6e-06, 0
6e-06, 0
6e-06, 0
6e-06, 0
6e-06, 0
6e-06, 0
6e-06, 0
6e-06, 0
6e-06, 0
6e-06, 0
6e-06, 0
6e-06, 0
6e-06, 0
6e-06, 0
6e-06, 0
6e-06, 0
6e-06, 0
6e-06, 0
6e-06, 0
6e-06, 0
6e-06, 0
6e-06, 0
6e-06, 0
6e-06, 0
6e-06, 0
6e-06, 0
6e-06, 0
6e-06, 0
6e-06, 0
6e-06, 0
6e-06, 0
6e-06, 0
6e-06, 0
6e-06, 0
6e-06, 0
6e-06, 0
6e-06, 0
6e-06, 0
6e-06, 0
6e-06, 0
6e-06, 0
6e-06, 0
6e-06, 0
6e-06, 0
6e-06, 0
6e-06, 0
6e-06, 0
6e-06, 0
6e-06, 0
6e-06, 0
6e-06, 0
6e-06, 0
6e-06, 0
6e-06, 0
6e-06, 0
6e-06, 0
6e-06, 0
6e-06, 0
6e-06, 0
6e-06, 0
6e-06, 0
6e-06, 0
6e-06, 0
6e-06, 0
6e-06, 0
6e-06, 0
6e-06, 0
6e-06, 0
6e-06, 0
6e-06, 0
6e-06, 0
6e-06, 0
7e-06, 0
6e-06, 0
7e-06, 0
1.1e-05, 0
6e-06, 0
6e-06, 0
6e-06, 0
6e-06, 0
6e-06, 0
6e-06, 0
6e-06, 0
6e-06, 0
6e-06, 0
6e-06, 0
6e-06, 0
6e-06, 0
6e-06, 0
6e-06, 0
6e-06, 0
6e-06, 0
6e-06, 0
6e-06, 0
6e-06, 0
6e-06, 0
6e-06, 0
6e-06, 0
6e-06, 0
6e-06, 0
6e-06, 0
6e-06, 0
6e-06, 0
6e-06, 0
6e-06, 0
6e-06, 0
6e-06, 0
6e-06, 0
6e-06, 0
6e-06, 0
6e-06, 0
6e-06, 0
6e-06, 0
6e-06, 0
6e-06, 0
6e-06, 0
6e-06, 0
6e-06, 0
1.1e-05, 0
6e-06, 0
6e-06, 0
6e-06, 0
6e-06, 0
6e-06, 0
6e-06, 0
6e-06, 0
6e-06, 0
6e-06, 0
6e-06, 0
6e-06, 0
6e-06, 0
6e-06, 0
6e-06, 0
7e-06, 0
6e-06, 0
6e-06, 0
6e-06, 0
6e-06, 0
6e-06, 0
6e-06, 0
0.000477, 0
6e-06, 0
6e-06, 0
7e-06, 0
6e-06, 0
6e-06, 0
6e-06, 0
6e-06, 0
6e-06, 0
6e-06, 0
6e-06, 0
6e-06, 0
6e-06, 0
6e-06, 0
6e-06, 0
6e-06, 0
6e-06, 0
6e-06, 0
6e-06, 0
6e-06, 0
7e-06, 0
7e-06, 0
6e-06, 0
6e-06, 0
6e-06, 0
6e-06, 0
7e-06, 0
6e-06, 0
6e-06, 0
6e-06, 0
6e-06, 0
6e-06, 0
6e-06, 0
6e-06, 0
6e-06, 0
6e-06, 0
6e-06, 0
6e-06, 0
6e-06, 0
6e-06, 0
6e-06, 0
6e-06, 0
6e-06, 0
6e-06, 0
6e-06, 0
6e-06, 0
6e-06, 0
6e-06, 0
6e-06, 0
6e-06, 0
6e-06, 0
6e-06, 0
6e-06, 0
6e-06, 0
6e-06, 0
6e-06, 0
6e-06, 0
6e-06, 0
6e-06, 0
6e-06, 0
6e-06, 0
6e-06, 0
6e-06, 0
6e-06, 0
6e-06, 0
6e-06, 0
6e-06, 0
6e-06, 0
6e-06, 0
7e-06, 0
7e-06, 0
8e-06, 0
8e-06, 0
8e-06, 0
8e-06, 0
8e-06, 0
6e-06, 0
6e-06, 0
6e-06, 0
7e-06, 0
8e-06, 0
7e-06, 0
8e-06, 0
8e-06, 0
8e-06, 0
9e-06, 0
7e-06, 0
8e-06, 0
8e-06, 0
8e-06, 0
8e-06, 0
9e-06, 0
7e-06, 0
6e-06, 0
6e-06, 0
6e-06, 0
6e-06, 0
6e-06, 0
6e-06, 0
6e-06, 0
6e-06, 0
6e-06, 0
6e-06, 0
6e-06, 0
6e-06, 0
6e-06, 0
6e-06, 0
6e-06, 0
6e-06, 0
6e-06, 0
6e-06, 0
6e-06, 0
6e-06, 0
6e-06, 0
6e-06, 0
6e-06, 0
6e-06, 0
6e-06, 0
6e-06, 0
6e-06, 0
6e-06, 0
6e-06, 0
6e-06, 0
6e-06, 0
6e-06, 0
6e-06, 0
6e-06, 0
6e-06, 0
6e-06, 0
6e-06, 0
6e-06, 0
6e-06, 0
6e-06, 0
6e-06, 0
6e-06, 0
8e-06, 0
0.000937, 0
2.9e-05, 0
9e-06, 0
2.2e-05, 0
9e-06, 0
9e-06, 0
9e-06, 0
9e-06, 0
9e-06, 0
9e-06, 0
9e-06, 0
9e-06, 0
9e-06, 0
9e-06, 0
9e-06, 0
9e-06, 0
9e-06, 0
9e-06, 0
9e-06, 0
8e-06, 0
9e-06, 0
9e-06, 0
9e-06, 0
9e-06, 0
9e-06, 0
9e-06, 0
9e-06, 0
9e-06, 0
9e-06, 0
9e-06, 0
9e-06, 0
9e-06, 0
9e-06, 0
9e-06, 0
9e-06, 0
9e-06, 0
9e-06, 0
9e-06, 0
9e-06, 0
9e-06, 0
9e-06, 0
9e-06, 0
9e-06, 0
8e-06, 0
9e-06, 0
7e-06, 0
9e-06, 0
8e-06, 0
8e-06, 0
8e-06, 0
8e-06, 0
9e-06, 0
9e-06, 0
8e-06, 0
8e-06, 0
8e-06, 0
1e-05, 0
9e-06, 0
1e-05, 0
1e-05, 0
9e-06, 0
9e-06, 0
9e-06, 0
9e-06, 0
9e-06, 0
1e-05, 0
1e-05, 0
9e-06, 0
9e-06, 0
9e-06, 0
1e-05, 0
1e-05, 0
8e-06, 0
9e-06, 0
9e-06, 0
9e-06, 0
1e-05, 0
1e-05, 0
9e-06, 0
9e-06, 0
9e-06, 0
8e-06, 0
9e-06, 0
8e-06, 0
9e-06, 0
9e-06, 0
9e-06, 0
9e-06, 0
9e-06, 0
9e-06, 0
9e-06, 0
9e-06, 0
9e-06, 0
9e-06, 0
9e-06, 0
9e-06, 0
9e-06, 0
9e-06, 0
9e-06, 0
9e-06, 0
8e-06, 0
9e-06, 0
9e-06, 0
9e-06, 0
9e-06, 0
9e-06, 0
9e-06, 0
9e-06, 0
9e-06, 0
9e-06, 0
9e-06, 0
9e-06, 0
9e-06, 0
9e-06, 0
9e-06, 0
9e-06, 0
9e-06, 0
9e-06, 0
9e-06, 0
9e-06, 0
9e-06, 0
9e-06, 0
8e-06, 0
8e-06, 0
8e-06, 0
8e-06, 0
8e-06, 0
8e-06, 0
7e-06, 0
8e-06, 0
8e-06, 0
8e-06, 0
8e-06, 0
7e-06, 0
8e-06, 0
6e-06, 0
6e-06, 0
6e-06, 0
7e-06, 0
6e-06, 0
6e-06, 0
6e-06, 0
6e-06, 0
6e-06, 0
6e-06, 0
6e-06, 0
6e-06, 0
6e-06, 0
6e-06, 0
6e-06, 0
6e-06, 0
6e-06, 0
6e-06, 0
6e-06, 0
6e-06, 0
6e-06, 0
6e-06, 0
6e-06, 0
6e-06, 0
6e-06, 0
6e-06, 0
6e-06, 0
6e-06, 0
6e-06, 0
6e-06, 0
6e-06, 0
6e-06, 0
6e-06, 0
6e-06, 0
6e-06, 0
6e-06, 0
6e-06, 0
6e-06, 0
6e-06, 0
6e-06, 0
6e-06, 0
6e-06, 0
6e-06, 0
6e-06, 0
6e-06, 0
6e-06, 0
6e-06, 0
6e-06, 0
6e-06, 0
6e-06, 0
6e-06, 0
6e-06, 0
6e-06, 0
6e-06, 0
6e-06, 0
6e-06, 0
6e-06, 0
6e-06, 0
6e-06, 0
6e-06, 0
6e-06, 0
6e-06, 0
6e-06, 0
6e-06, 0
6e-06, 0
6e-06, 0
6e-06, 0
6e-06, 0
6e-06, 0
6e-06, 0
6e-06, 0
6e-06, 0
6e-06, 0
6e-06, 0
6e-06, 0
6e-06, 0
6e-06, 0
6e-06, 0
6e-06, 0
6e-06, 0
6e-06, 0
6e-06, 0
6e-06, 0
6e-06, 0
6e-06, 0
6e-06, 0
6e-06, 0
6e-06, 0
6e-06, 0
6e-06, 0
6e-06, 0
6e-06, 0
6e-06, 0
6e-06, 0
6e-06, 0
6e-06, 0
6e-06, 0
6e-06, 0
6e-06, 0
6e-06, 0
6e-06, 0
6e-06, 0
6e-06, 0
6e-06, 0
6e-06, 0
6e-06, 0
6e-06, 0
6e-06, 0
6e-06, 0
6e-06, 0
6e-06, 0
6e-06, 0
6e-06, 0
6e-06, 0
6e-06, 0
6e-06, 0
6e-06, 0
6e-06, 0
6e-06, 0
6e-06, 0
6e-06, 0
6e-06, 0
6e-06, 0
6e-06, 0
6e-06, 0
6e-06, 0
6e-06, 0
6e-06, 0
6e-06, 0
6e-06, 0
6e-06, 0
6e-06, 0
6e-06, 0
6e-06, 0
6e-06, 0
6e-06, 0
6e-06, 0
6e-06, 0
6e-06, 0
6e-06, 0
6e-06, 0
7e-06, 0
6e-06, 0
6e-06, 0
6e-06, 0
6e-06, 0
6e-06, 0
6e-06, 0
6e-06, 0
6e-06, 0
6e-06, 0
6e-06, 0
6e-06, 0
6e-06, 0
6e-06, 0
6e-06, 0
6e-06, 0
6e-06, 0
6e-06, 0
6e-06, 0
6e-06, 0
6e-06, 0
6e-06, 0
6e-06, 0
6e-06, 0
6e-06, 0
6e-06, 0
6e-06, 0
6e-06, 0
6e-06, 0
6e-06, 0
6e-06, 0
6e-06, 0
6e-06, 0
6e-06, 0
6e-06, 0
6e-06, 0
6e-06, 0
6e-06, 0
6e-06, 0
6e-06, 0
6e-06, 0
6e-06, 0
6e-06, 0
6e-06, 0
6e-06, 0
6e-06, 0
6e-06, 0
6e-06, 0
6e-06, 0
6e-06, 0
6e-06, 0
6e-06, 0
7e-06, 0
1e-05, 0
1.5e-05, 0
1.5e-05, 0
1.5e-05, 0
6e-06, 0
6e-06, 0
6e-06, 0
6e-06, 0
6e-06, 0
6e-06, 0
6e-06, 0
6e-06, 0
6e-06, 0
6e-06, 0
6e-06, 0
6e-06, 0
6e-06, 0
6e-06, 0
6e-06, 0
6e-06, 0
6e-06, 0
6e-06, 0
6e-06, 0
6e-06, 0
6e-06, 0
6e-06, 0
6e-06, 0
6e-06, 0
6e-06, 0
6e-06, 0
6e-06, 0
6e-06, 0
6e-06, 0
6e-06, 0
6e-06, 0
6e-06, 0
6e-06, 0
6e-06, 0
6e-06, 0
6e-06, 0
6e-06, 0
9e-06, 0
7e-06, 0
6e-06, 0
6e-06, 0
6e-06, 0
6e-06, 0
6e-06, 0
6e-06, 0
6e-06, 0
6e-06, 0
6e-06, 0
6e-06, 0
6e-06, 0
6e-06, 0
6e-06, 0
6e-06, 0
6e-06, 0
6e-06, 0
6e-06, 0
8e-06, 0
5.9e-05, 0
7e-06, 0
7e-06, 0
7e-06, 0
7e-06, 0
7e-06, 0
6e-06, 0
7e-06, 0
7e-06, 0
7e-06, 0
7e-06, 0
7e-06, 0
7e-06, 0
8e-06, 0
8e-06, 0
7e-06, 0
7e-06, 0
7e-06, 0
8e-06, 0
8e-06, 0
7e-06, 0
9e-06, 0
6e-06, 0
6e-06, 0
7e-06, 0
8e-06, 0
7e-06, 0
7e-06, 0
7e-06, 0
7e-06, 0
7e-06, 0
7e-06, 0
7e-06, 0
9.3e-05, 0
8e-06, 0
7e-06, 0
7e-06, 0
9e-06, 0
9e-06, 0
7e-06, 0
9e-06, 0
8e-06, 0
7e-06, 0
7e-06, 0
8e-06, 0
7e-06, 0
7e-06, 0
9e-06, 0
1e-05, 0
7e-06, 0
9e-06, 0
1.1e-05, 0
2.1e-05, 0
8e-06, 0
8e-06, 0
8e-06, 0
8e-06, 0
8e-06, 0
7e-06, 0
8e-06, 0
8e-06, 0
7e-06, 0
8e-06, 0
8e-06, 0
8e-06, 0
8e-06, 0
8e-06, 0
8e-06, 0
7e-06, 0
7e-06, 0
7e-06, 0
8e-06, 0
7e-06, 0
7e-06, 0
7e-06, 0
7e-06, 0
7e-06, 0
7e-06, 0
0.001266, 0
7e-06, 0
7e-06, 0
8e-06, 0
8e-06, 0
7e-06, 0
7e-06, 0
7e-06, 0
7e-06, 0
7e-06, 0
8e-06, 0
7e-06, 0
7e-06, 0
8e-06, 0
8e-06, 0
8e-06, 0
8e-06, 0
8e-06, 0
8e-06, 0
8e-06, 0
9e-06, 0
8e-06, 0
8e-06, 0
8e-06, 0
8e-06, 0
7e-06, 0
8e-06, 0
8e-06, 0
8e-06, 0
8e-06, 0
8e-06, 0
8e-06, 0
8e-06, 0
7e-06, 0
8e-06, 0
8e-06, 0
8e-06, 0
8e-06, 0
8e-06, 0
8e-06, 0
8e-06, 0
8e-06, 0
8e-06, 0
1.4e-05, 0
9e-06, 0
8e-06, 0
9e-06, 0
2.7e-05, 0
8e-06, 0
8e-06, 0
7e-06, 0
7e-06, 0
8e-06, 0
7e-06, 0
7e-06, 0
7e-06, 0
7e-06, 0
8e-06, 0
8e-06, 0
8e-06, 0
8e-06, 0
7e-06, 0
8e-06, 0
7e-06, 0
8e-06, 0
8e-06, 0
8e-06, 0
8e-06, 0
7e-06, 0
8e-06, 0
8e-06, 0
8e-06, 0
7e-06, 0
8e-06, 0
7e-06, 0
7e-06, 0
8e-06, 0
7e-06, 0
8e-06, 0
7e-06, 0
8e-06, 0
8e-06, 0
7e-06, 0
8e-06, 0
8e-06, 0
8e-06, 0
7e-06, 0
1e-05, 0
7e-06, 0
8e-06, 0
7e-06, 0
8e-06, 0
6e-06, 0
6e-06, 0
6e-06, 0
6e-06, 0
6e-06, 0
6e-06, 0
6e-06, 0
6e-06, 0
6e-06, 0
6e-06, 0
6e-06, 0
6e-06, 0
6e-06, 0
6e-06, 0
6e-06, 0
6e-06, 0
6e-06, 0
6e-06, 0
6e-06, 0
6e-06, 0
6e-06, 0
7e-06, 0
9e-06, 0
1e-05, 0
6e-06, 0
6e-06, 0
6e-06, 0
6e-06, 0
6e-06, 0
6e-06, 0
6e-06, 0
6e-06, 0
6e-06, 0
6e-06, 0
6e-06, 0
6e-06, 0
6e-06, 0
6e-06, 0
6e-06, 0
6e-06, 0
6e-06, 0
6e-06, 0
6e-06, 0
6e-06, 0
6e-06, 0
6e-06, 0
6e-06, 0
6e-06, 0
6e-06, 0
6e-06, 0
6e-06, 0
6e-06, 0
6e-06, 0
6e-06, 0
6e-06, 0
6e-06, 0
6e-06, 0
6e-06, 0
6e-06, 0
6e-06, 0
6e-06, 0
6e-06, 0
6e-06, 0
6e-06, 0
6e-06, 0
6e-06, 0
6e-06, 0
6e-06, 0
6e-06, 0
6e-06, 0
6e-06, 0
6e-06, 0
6e-06, 0
6e-06, 0
6e-06, 0
6e-06, 0
6e-06, 0
6e-06, 0
6e-06, 0
6e-06, 0
6e-06, 0
6e-06, 0
6e-06, 0
6e-06, 0
6e-06, 0
6e-06, 0
6e-06, 0
6e-06, 0
7e-06, 0
6e-06, 0
6e-06, 0
6e-06, 0
6e-06, 0
6e-06, 0
6e-06, 0
6e-06, 0
7e-06, 0
6e-06, 0
6e-06, 0
6e-06, 0
6e-06, 0
6e-06, 0
6e-06, 0
6e-06, 0
6e-06, 0
6e-06, 0
6e-06, 0
6e-06, 0
6e-06, 0
6e-06, 0
6e-06, 0
6e-06, 0
6e-06, 0
6e-06, 0
6e-06, 0
6e-06, 0
6e-06, 0
7e-06, 0
6e-06, 0
6e-06, 0
6e-06, 0
6e-06, 0
6e-06, 0
6e-06, 0
6e-06, 0
6e-06, 0
6e-06, 0
6e-06, 0
6e-06, 0
6e-06, 0
6e-06, 0
6e-06, 0
6e-06, 0
6e-06, 0
6e-06, 0
6e-06, 0
6e-06, 0
6e-06, 0
6e-06, 0
6e-06, 0
6e-06, 0
6e-06, 0
6e-06, 0
6e-06, 0
6e-06, 0
6e-06, 0
6e-06, 0
6e-06, 0
6e-06, 0
6e-06, 0
6e-06, 0
6e-06, 0
6e-06, 0
6e-06, 0
6e-06, 0
6e-06, 0
6e-06, 0
6e-06, 0
6e-06, 0
6e-06, 0
6e-06, 0
6e-06, 0
6e-06, 0
6e-06, 0
7e-06, 0
6e-06, 0
6e-06, 0
6e-06, 0
6e-06, 0
6e-06, 0
6e-06, 0
6e-06, 0
6e-06, 0
6e-06, 0
6e-06, 0
6e-06, 0
6e-06, 0
6e-06, 0
6e-06, 0
6e-06, 0
6e-06, 0
6e-06, 0
6e-06, 0
6e-06, 0
6e-06, 0
6e-06, 0
0.000508, 0
7e-06, 0
1e-05, 0
6e-06, 0
1e-05, 0
6e-06, 0
6e-06, 0
6e-06, 0
7e-06, 0
6e-06, 0
6e-06, 0
6e-06, 0
6e-06, 0
6e-06, 0
6e-06, 0
6e-06, 0
7e-06, 0
8e-06, 0
1e-05, 0
6e-06, 0
6e-06, 0
6e-06, 0
6e-06, 0
6e-06, 0
6e-06, 0
8e-06, 0
6e-06, 0
6e-06, 0
6e-06, 0
6e-06, 0
6e-06, 0
6e-06, 0
6e-06, 0
7e-06, 0
6e-06, 0
6e-06, 0
6e-06, 0
6e-06, 0
6e-06, 0
6e-06, 0
6e-06, 0
6e-06, 0
6e-06, 0
6e-06, 0
6e-06, 0
6e-06, 0
9e-06, 0
6e-06, 0
6e-06, 0
6e-06, 0
6e-06, 0
6e-06, 0
6e-06, 0
6e-06, 0
6e-06, 0
6e-06, 0
6e-06, 0
6e-06, 0
6e-06, 0
6e-06, 0
6e-06, 0
6e-06, 0
6e-06, 0
6e-06, 0
7e-06, 0
6e-06, 0
6e-06, 0
6e-06, 0
7e-06, 0
7e-06, 0
6e-06, 0
9e-06, 0
9e-06, 0
1e-05, 0
6e-06, 0
6e-06, 0
6e-06, 0
6e-06, 0
6e-06, 0
6e-06, 0
7e-06, 0
6e-06, 0
6e-06, 0
6e-06, 0
6e-06, 0
6e-06, 0
6e-06, 0
6e-06, 0
6e-06, 0
6e-06, 0
6e-06, 0
6e-06, 0
6e-06, 0
6e-06, 0
6e-06, 0
6e-06, 0
6e-06, 0
6e-06, 0
8e-06, 0
8e-06, 0
7e-06, 0
7e-06, 0
7e-06, 0
9e-06, 0
8e-06, 0
7e-06, 0
9e-06, 0
8e-06, 0
7e-06, 0
8e-06, 0
4.7e-05, 0
3e-05, 0
1.1e-05, 0
8e-06, 0
8e-06, 0
7e-06, 0
8e-06, 0
8e-06, 0
8e-06, 0
8e-06, 0
7e-06, 0
8e-06, 0
8e-06, 0
8e-06, 0
7e-06, 0
8e-06, 0
8e-06, 0
8e-06, 0
9e-06, 0
9e-06, 0
8e-06, 0
8e-06, 0
8e-06, 0
7e-06, 0
7e-06, 0
8e-06, 0
8e-06, 0
8e-06, 0
8e-06, 0
7e-06, 0
8e-06, 0
8e-06, 0
7e-06, 0
7e-06, 0
7e-06, 0
7e-06, 0
8e-06, 0
6e-06, 0
6e-06, 0
6e-06, 0
9e-06, 0
8e-06, 0
8e-06, 0
7e-06, 0
7e-06, 0
7e-06, 0
8e-06, 0
8e-06, 0
9e-06, 0
8e-06, 0
8e-06, 0
8e-06, 0
7e-06, 0
7e-06, 0
7e-06, 0
7e-06, 0
7e-06, 0
7e-06, 0
9e-06, 0
9e-06, 0
9e-06, 0
9e-06, 0
9e-06, 0
7e-06, 0
7e-06, 0
6e-06, 0
6e-06, 0
7e-06, 0
7e-06, 0
6e-06, 0
6e-06, 0
6e-06, 0
6e-06, 0
6e-06, 0
8e-06, 0
7e-06, 0
7e-06, 0
8e-06, 0
8e-06, 0
7e-06, 0
8e-06, 0
8e-06, 0
8e-06, 0
8e-06, 0
8e-06, 0
8e-06, 0
8e-06, 0
8e-06, 0
7e-06, 0
7e-06, 0
8e-06, 0
7e-06, 0
8e-06, 0
8e-06, 0
8e-06, 0
8e-06, 0
8e-06, 0
8e-06, 0
8e-06, 0
8e-06, 0
8e-06, 0
8e-06, 0
8e-06, 0
8e-06, 0
8e-06, 0
8e-06, 0
8e-06, 0
8e-06, 0
8e-06, 0
8e-06, 0
8e-06, 0
8e-06, 0
9e-06, 0
7e-06, 0
8e-06, 0
8e-06, 0
8e-06, 0
9e-06, 0
8e-06, 0
8e-06, 0
8e-06, 0
6e-06, 0
8e-06, 0
6e-06, 0
6e-06, 0
7e-06, 0
7e-06, 0
8e-06, 0
8e-06, 0
8e-06, 0
8e-06, 0
8e-06, 0
8e-06, 0
7e-06, 0
9e-06, 0
7e-06, 0
8e-06, 0
6e-06, 0
6e-06, 0
6e-06, 0
6e-06, 0
6e-06, 0
6e-06, 0
6e-06, 0
6e-06, 0
6e-06, 0
6e-06, 0
6e-06, 0
6e-06, 0
8e-06, 0
8e-06, 0
8e-06, 0
8e-06, 0
8e-06, 0
8e-06, 0
8e-06, 0
8e-06, 0
8e-06, 0
9e-06, 0
7e-06, 0
6e-06, 0
6e-06, 0
6e-06, 0
6e-06, 0
6e-06, 0
6e-06, 0
6e-06, 0
6e-06, 0
6e-06, 0
7e-06, 0
8e-06, 0
8e-06, 0
8e-06, 0
9e-06, 0
8e-06, 0
8e-06, 0
8e-06, 0
9e-06, 0
7e-06, 0
7e-06, 0
6e-06, 0
7e-06, 0
7e-06, 0
8e-06, 0
7e-06, 0
7e-06, 0
8e-06, 0
6e-06, 0
6e-06, 0
8e-06, 0
7e-06, 0
6e-06, 0
8e-06, 0
6e-06, 0
8e-06, 0
6e-06, 0
8e-06, 0
6e-06, 0
8e-06, 0
6e-06, 0
6e-06, 0
8e-06, 0
8e-06, 0
8e-06, 0
8e-06, 0
8e-06, 0
6e-06, 0
6e-06, 0
6e-06, 0
6e-06, 0
6e-06, 0
7e-06, 0
6e-06, 0
7e-06, 0
6e-06, 0
8e-06, 0
8e-06, 0
7e-06, 0
8e-06, 0
7e-06, 0
8e-06, 0
8e-06, 0
8e-06, 0
8e-06, 0
8e-06, 0
7e-06, 0
9e-06, 0
7e-06, 0
8e-06, 0
9e-06, 0
9e-06, 0
7e-06, 0
8e-06, 0
7e-06, 0
7e-06, 0
6e-06, 0
7e-06, 0
7e-06, 0
6e-06, 0
6e-06, 0
6e-06, 0
6e-06, 0
6e-06, 0
6e-06, 0
6e-06, 0
6e-06, 0
6e-06, 0
6e-06, 0
6e-06, 0
6e-06, 0
6e-06, 0
6e-06, 0
6e-06, 0
6e-06, 0
6e-06, 0
6e-06, 0
6e-06, 0
6e-06, 0
7e-06, 0
6e-06, 0
6e-06, 0
6e-06, 0
7e-06, 0
6e-06, 0
6e-06, 0
6e-06, 0
8e-06, 0
9e-06, 0
6e-06, 0
6e-06, 0
6e-06, 0
6e-06, 0
6e-06, 0
6e-06, 0
6e-06, 0
6e-06, 0
6e-06, 0
6e-06, 0
6e-06, 0
7e-06, 0
8e-06, 0
6e-06, 0
6e-06, 0
6e-06, 0
6e-06, 0
8e-06, 0
6e-06, 0
6e-06, 0
6e-06, 0
6e-06, 0
6e-06, 0
6e-06, 0
6e-06, 0
6e-06, 0
6e-06, 0
6e-06, 0
7e-06, 0
6e-06, 0
6e-06, 0
6e-06, 0
6e-06, 0
8e-06, 0
6e-06, 0
6e-06, 0
6e-06, 0
6e-06, 0
6e-06, 0
8e-06, 0
6e-06, 0
6e-06, 0
6e-06, 0
6e-06, 0
6e-06, 0
6e-06, 0
6e-06, 0
6e-06, 0
6e-06, 0
6e-06, 0
6e-06, 0
6e-06, 0
8e-06, 0
7e-06, 0
8e-06, 0
8e-06, 0
8e-06, 0
8e-06, 0
8e-06, 0
7e-06, 0
8e-06, 0
8e-06, 0
8e-06, 0
8e-06, 0
8e-06, 0
7e-06, 0
6e-06, 0
6e-06, 0
6e-06, 0
6e-06, 0
6e-06, 0
6e-06, 0
6e-06, 0
6e-06, 0
6e-06, 0
6e-06, 0
7e-06, 0
8e-06, 0
6e-06, 0
8e-06, 0
9e-06, 0
7e-06, 0
9e-06, 0
7e-06, 0
8e-06, 0
8e-06, 0
8e-06, 0
8e-06, 0
6e-06, 0
6e-06, 0
6e-06, 0
6e-06, 0
6e-06, 0
8e-06, 0
7e-06, 0
8e-06, 0
8e-06, 0
8e-06, 0
7e-06, 0
8e-06, 0
7e-06, 0
6e-06, 0
6e-06, 0
6e-06, 0
6e-06, 0
6e-06, 0
6e-06, 0
6e-06, 0
6e-06, 0
6e-06, 0
6e-06, 0
6e-06, 0
6e-06, 0
6e-06, 0
6e-06, 0
6e-06, 0
6e-06, 0
6e-06, 0
6e-06, 0
6e-06, 0
6e-06, 0
6e-06, 0
6e-06, 0
6e-06, 0
6e-06, 0
6e-06, 0
6e-06, 0
8e-06, 0
6e-06, 0
6e-06, 0
6e-06, 0
8e-06, 0
6e-06, 0
6e-06, 0
6e-06, 0
6e-06, 0
6e-06, 0
6e-06, 0
6e-06, 0
6e-06, 0
6e-06, 0
6e-06, 0
6e-06, 0
6e-06, 0
6e-06, 0
6e-06, 0
7e-06, 0
6e-06, 0
6e-06, 0
6e-06, 0
6e-06, 0
6e-06, 0
7e-06, 0
6e-06, 0
6e-06, 0
6e-06, 0
7e-06, 0
6e-06, 0
6e-06, 0
6e-06, 0
6e-06, 0
6e-06, 0
6e-06, 0
6e-06, 0
6e-06, 0
6e-06, 0
8e-06, 0
6e-06, 0
6e-06, 0
6e-06, 0
6e-06, 0
6e-06, 0
6e-06, 0
6e-06, 0
6e-06, 0
6e-06, 0
6e-06, 0
6e-06, 0
6e-06, 0
6e-06, 0
6e-06, 0
6e-06, 0
6e-06, 0
6e-06, 0
6e-06, 0
6e-06, 0
6e-06, 0
6e-06, 0
6e-06, 0
6e-06, 0
7e-06, 0
7e-06, 0
7e-06, 0
6e-06, 0
6e-06, 0
6e-06, 0
7e-06, 0
6e-06, 0
6e-06, 0
6e-06, 0
6e-06, 0
6e-06, 0
6e-06, 0
6e-06, 0
6e-06, 0
6e-06, 0
6e-06, 0
6e-06, 0
1.1e-05, 0
1e-05, 0
1.1e-05, 0
1.2e-05, 0
8e-06, 0
7e-06, 0
9e-06, 0
8e-06, 0
8e-06, 0
7e-06, 0
7e-06, 0
7e-06, 0
7e-06, 0
7e-06, 0
8e-06, 0
8e-06, 0
8e-06, 0
8e-06, 0
8e-06, 0
8e-06, 0
8e-06, 0
8e-06, 0
7e-06, 0
8e-06, 0
7e-06, 0
7e-06, 0
7e-06, 0
7e-06, 0
8e-06, 0
8e-06, 0
7e-06, 0
7e-06, 0
8e-06, 0
8e-06, 0
8e-06, 0
9e-06, 0
6e-06, 0
6e-06, 0
6e-06, 0
6e-06, 0
6e-06, 0
6e-06, 0
6e-06, 0
6e-06, 0
6e-06, 0
6e-06, 0
6e-06, 0
6e-06, 0
6e-06, 0
6e-06, 0
6e-06, 0
8e-06, 0
9e-06, 0
8e-06, 0
7e-06, 0
8e-06, 0
6e-06, 0
7e-06, 0
7e-06, 0
7e-06, 0
7e-06, 0
6e-06, 0
8e-06, 0
6e-06, 0
6e-06, 0
6e-06, 0
7e-06, 0
7e-06, 0
6e-06, 0
6e-06, 0
6e-06, 0
6e-06, 0
6e-06, 0
6e-06, 0
6e-06, 0
6e-06, 0
6e-06, 0
6e-06, 0
6e-06, 0
6e-06, 0
6e-06, 0
6e-06, 0
6e-06, 0
6e-06, 0
6e-06, 0
6e-06, 0
6e-06, 0
6e-06, 0
6e-06, 0
6e-06, 0
6e-06, 0
6e-06, 0
6e-06, 0
6e-06, 0
6e-06, 0
6e-06, 0
7e-06, 0
7e-06, 0
6e-06, 0
6e-06, 0
6e-06, 0
6e-06, 0
6e-06, 0
6e-06, 0
6e-06, 0
6e-06, 0
6e-06, 0
6e-06, 0
7e-06, 0
6e-06, 0
7e-06, 0
6e-06, 0
6e-06, 0
6e-06, 0
6e-06, 0
6e-06, 0
6e-06, 0
7e-06, 0
6e-06, 0
6e-06, 0
6e-06, 0
6e-06, 0
6e-06, 0
6e-06, 0
6e-06, 0
8e-06, 0
6e-06, 0
6e-06, 0
6e-06, 0
6e-06, 0
6e-06, 0
6e-06, 0
6e-06, 0
6e-06, 0
6e-06, 0
6e-06, 0
6e-06, 0
6e-06, 0
6e-06, 0
6e-06, 0
6e-06, 0
6e-06, 0
7e-06, 0
6e-06, 0
6e-06, 0
6e-06, 0
6e-06, 0
6e-06, 0
6e-06, 0
6e-06, 0
6e-06, 0
6e-06, 0
6e-06, 0
6e-06, 0
6e-06, 0
6e-06, 0
6e-06, 0
6e-06, 0
6e-06, 0
6e-06, 0
6e-06, 0
6e-06, 0
6e-06, 0
6e-06, 0
6e-06, 0
6e-06, 0
6e-06, 0
6e-06, 0
6e-06, 0
6e-06, 0
6e-06, 0
6e-06, 0
6e-06, 0
6e-06, 0
6e-06, 0
6e-06, 0
6e-06, 0
7e-06, 0
8e-06, 0
8e-06, 0
6e-06, 0
8e-06, 0
9e-06, 0
6e-06, 0
6e-06, 0
6e-06, 0
6e-06, 0
6e-06, 0
6e-06, 0
6e-06, 0
6e-06, 0
6e-06, 0
6e-06, 0
6e-06, 0
6e-06, 0
6e-06, 0
6e-06, 0
6e-06, 0
6e-06, 0
9e-06, 0
6e-06, 0
6e-06, 0
1.2e-05, 0
6e-06, 0
6e-06, 0
6e-06, 0
6e-06, 0
6e-06, 0
6e-06, 0
6e-06, 0
6e-06, 0
6e-06, 0
6e-06, 0
6e-06, 0
6e-06, 0
6e-06, 0
6e-06, 0
6e-06, 0
6e-06, 0
6e-06, 0
6e-06, 0
6e-06, 0
6e-06, 0
6e-06, 0
6e-06, 0
6e-06, 0
6e-06, 0
7e-06, 0
6e-06, 0
6e-06, 0
6e-06, 0
6e-06, 0
6e-06, 0
6e-06, 0
6e-06, 0
6e-06, 0
6e-06, 0
6e-06, 0
6e-06, 0
6e-06, 0
6e-06, 0
6e-06, 0
6e-06, 0
6e-06, 0
6e-06, 0
6e-06, 0
6e-06, 0
6e-06, 0
6e-06, 0
6e-06, 0
6e-06, 0
6e-06, 0
6e-06, 0
6e-06, 0
6e-06, 0
6e-06, 0
6e-06, 0
6e-06, 0
6e-06, 0
6e-06, 0
6e-06, 0
6e-06, 0
6e-06, 0
6e-06, 0
6e-06, 0
6e-06, 0
6e-06, 0
6e-06, 0
6e-06, 0
6e-06, 0
7e-06, 0
6e-06, 0
6e-06, 0
6e-06, 0
6e-06, 0
7e-06, 0
7e-06, 0
6e-06, 0
6e-06, 0
6e-06, 0
6e-06, 0
6e-06, 0
6e-06, 0
6e-06, 0
6e-06, 0
6e-06, 0
7e-06, 0
6e-06, 0
6e-06, 0
6e-06, 0
6e-06, 0
6e-06, 0
6e-06, 0
6e-06, 0
6e-06, 0
0.000472, 0
6e-06, 0
6e-06, 0
6e-06, 0
6e-06, 0
6e-06, 0
6e-06, 0
6e-06, 0
6e-06, 0
6e-06, 0
6e-06, 0
6e-06, 0
6e-06, 0
6e-06, 0
6e-06, 0
6e-06, 0
6e-06, 0
6e-06, 0
6e-06, 0
6e-06, 0
6e-06, 0
6e-06, 0
6e-06, 0
6e-06, 0
6e-06, 0
6e-06, 0
6e-06, 0
6e-06, 0
7e-06, 0
7e-06, 0
6e-06, 0
6e-06, 0
6e-06, 0
6e-06, 0
6e-06, 0
6e-06, 0
6e-06, 0
6e-06, 0
6e-06, 0
6e-06, 0
6e-06, 0
6e-06, 0
6e-06, 0
6e-06, 0
6e-06, 0
6e-06, 0
6e-06, 0
6e-06, 0
6e-06, 0
7e-06, 0
6e-06, 0
6e-06, 0
6e-06, 0
6e-06, 0
6e-06, 0
6e-06, 0
6e-06, 0
6e-06, 0
6e-06, 0
6e-06, 0
6e-06, 0
6e-06, 0
6e-06, 0
6e-06, 0
6e-06, 0
6e-06, 0
6e-06, 0
6e-06, 0
6e-06, 0
6e-06, 0
6e-06, 0
7e-06, 0
6e-06, 0
6e-06, 0
7e-06, 0
6e-06, 0
6e-06, 0
6e-06, 0
6e-06, 0
6e-06, 0
6e-06, 0
6e-06, 0
6e-06, 0
6e-06, 0
6e-06, 0
6e-06, 0
6e-06, 0
6e-06, 0
6e-06, 0
6e-06, 0
6e-06, 0
6e-06, 0
6e-06, 0
6e-06, 0
6e-06, 0
6e-06, 0
6e-06, 0
6e-06, 0
6e-06, 0
6e-06, 0
6e-06, 0
6e-06, 0
6e-06, 0
7e-06, 0
6e-06, 0
6e-06, 0
6e-06, 0
6e-06, 0
6e-06, 0
7e-06, 0
6e-06, 0
6e-06, 0
6e-06, 0
6e-06, 0
6e-06, 0
6e-06, 0
6e-06, 0
6e-06, 0
6e-06, 0
7e-06, 0
6e-06, 0
6e-06, 0
6e-06, 0
6e-06, 0
8e-06, 0
7e-06, 0
6e-06, 0
6e-06, 0
6e-06, 0
6e-06, 0
6e-06, 0
6e-06, 0
6e-06, 0
6e-06, 0
6e-06, 0
6e-06, 0
6e-06, 0
6e-06, 0
6e-06, 0
6e-06, 0
6e-06, 0
6e-06, 0
6e-06, 0
6e-06, 0
6e-06, 0
6e-06, 0
6e-06, 0
6e-06, 0
6e-06, 0
6e-06, 0
6e-06, 0
6e-06, 0
6e-06, 0
6e-06, 0
6e-06, 0
6e-06, 0
6e-06, 0
6e-06, 0
6e-06, 0
6e-06, 0
6e-06, 0
6e-06, 0
6e-06, 0
6e-06, 0
6e-06, 0
6e-06, 0
6e-06, 0
6e-06, 0
1e-05, 0
7e-06, 0
7e-06, 0
7e-06, 0
7e-06, 0
7e-06, 0
7e-06, 0
7e-06, 0
7e-06, 0
7e-06, 0
7e-06, 0
7e-06, 0
7e-06, 0
8e-06, 0
8e-06, 0
8e-06, 0
8e-06, 0
8e-06, 0
7e-06, 0
8e-06, 0
7e-06, 0
7e-06, 0
7e-06, 0
7e-06, 0
7e-06, 0
7e-06, 0
7e-06, 0
7e-06, 0
7e-06, 0
7e-06, 0
7e-06, 0
7e-06, 0
8e-06, 0
8e-06, 0
7e-06, 0
8e-06, 0
8e-06, 0
8e-06, 0
8e-06, 0
8e-06, 0
8e-06, 0
8e-06, 0
8e-06, 0
7e-06, 0
8e-06, 0
6e-06, 0
6e-06, 0
6e-06, 0
6e-06, 0
6e-06, 0
6e-06, 0
6e-06, 0
6e-06, 0
6e-06, 0
8e-06, 0
7e-06, 0
7e-06, 0
7e-06, 0
9e-06, 0
7e-06, 0
7e-06, 0
7e-06, 0
7e-06, 0
8e-06, 0
8e-06, 0
7e-06, 0
7e-06, 0
7e-06, 0
7e-06, 0
1.8e-05, 0
7e-06, 0
7e-06, 0
7e-06, 0
7e-06, 0
7e-06, 0
8e-06, 0
7e-06, 0
7e-06, 0
7e-06, 0
8e-06, 0
7e-06, 0
8e-06, 0
8e-06, 0
6e-06, 0
7e-06, 0
8e-06, 0
8e-06, 0
8e-06, 0
8e-06, 0
9e-06, 0
8e-06, 0
9e-06, 0
9e-06, 0
8e-06, 0
8e-06, 0
8e-06, 0
8e-06, 0
8e-06, 0
8e-06, 0
8e-06, 0
7e-06, 0
7e-06, 0
8e-06, 0
7e-06, 0
8e-06, 0
8e-06, 0
8e-06, 0
7e-06, 0
8e-06, 0
8e-06, 0
7e-06, 0
7e-06, 0
7e-06, 0
9e-06, 0
1e-05, 0
8e-06, 0
8e-06, 0
8e-06, 0
9e-06, 0
1e-05, 0
7e-06, 0
7e-06, 0
7e-06, 0
7e-06, 0
7e-06, 0
9e-06, 0
8e-06, 0
8e-06, 0
8e-06, 0
8e-06, 0
7e-06, 0
9e-06, 0
9e-06, 0
8e-06, 0
7e-06, 0
8e-06, 0
8e-06, 0
7e-06, 0
1.2e-05, 0
7e-06, 0
7e-06, 0
9e-06, 0
8e-06, 0
9e-06, 0
7e-06, 0
7e-06, 0
9e-06, 0
8e-06, 0
8e-06, 0
7e-06, 0
7e-06, 0
7e-06, 0
8e-06, 0
8e-06, 0
8e-06, 0
8e-06, 0
7e-06, 0
7e-06, 0
7e-06, 0
8e-06, 0
8e-06, 0
8e-06, 0
8e-06, 0
7e-06, 0
7e-06, 0
7e-06, 0
7e-06, 0
9e-06, 0
8e-06, 0
8e-06, 0
8e-06, 0
8e-06, 0
8e-06, 0
8e-06, 0
8e-06, 0
8e-06, 0
7e-06, 0
7e-06, 0
7e-06, 0
6e-06, 0
6e-06, 0
7e-06, 0
7e-06, 0
6e-06, 0
6e-06, 0
6e-06, 0
6e-06, 0
6e-06, 0
6e-06, 0
6e-06, 0
6e-06, 0
6e-06, 0
6e-06, 0
6e-06, 0
6e-06, 0
6e-06, 0
6e-06, 0
6e-06, 0
6e-06, 0
6e-06, 0
6e-06, 0
6e-06, 0
6e-06, 0
6e-06, 0
6e-06, 0
6e-06, 0
6e-06, 0
6e-06, 0
6e-06, 0
6e-06, 0
6e-06, 0
6e-06, 0
6e-06, 0
6e-06, 0
6e-06, 0
6e-06, 0
6e-06, 0
6e-06, 0
6e-06, 0
7e-06, 0
6e-06, 0
6e-06, 0
6e-06, 0
6e-06, 0
6e-06, 0
6e-06, 0
6e-06, 0
6e-06, 0
6e-06, 0
6e-06, 0
6e-06, 0
6e-06, 0
6e-06, 0
6e-06, 0
6e-06, 0
6e-06, 0
6e-06, 0
6e-06, 0
6e-06, 0
6e-06, 0
6e-06, 0
6e-06, 0
6e-06, 0
6e-06, 0
6e-06, 0
6e-06, 0
6e-06, 0
6e-06, 0
6e-06, 0
6e-06, 0
6e-06, 0
7e-06, 0
6e-06, 0
6e-06, 0
6e-06, 0
6e-06, 0
6e-06, 0
6e-06, 0
6e-06, 0
6e-06, 0
6e-06, 0
6e-06, 0
6e-06, 0
6e-06, 0
6e-06, 0
6e-06, 0
6e-06, 0
6e-06, 0
6e-06, 0
6e-06, 0
6e-06, 0
6e-06, 0
6e-06, 0
6e-06, 0
6e-06, 0
6e-06, 0
6e-06, 0
7e-06, 0
6e-06, 0
6e-06, 0
6e-06, 0
6e-06, 0
6e-06, 0
6e-06, 0
6e-06, 0
6e-06, 0
6e-06, 0
6e-06, 0
6e-06, 0
6e-06, 0
6e-06, 0
6e-06, 0
6e-06, 0
6e-06, 0
7e-06, 0
6e-06, 0
6e-06, 0
6e-06, 0
6e-06, 0
6e-06, 0
6e-06, 0
6e-06, 0
6e-06, 0
6e-06, 0
6e-06, 0
6e-06, 0
6e-06, 0
7e-06, 0
6e-06, 0
6e-06, 0
6e-06, 0
6e-06, 0
6e-06, 0
6e-06, 0
6e-06, 0
6e-06, 0
7e-06, 0
9e-06, 0
7e-06, 0
8e-06, 0
8e-06, 0
1e-05, 0
9e-06, 0
6e-06, 0
6e-06, 0
6e-06, 0
6e-06, 0
6e-06, 0
6e-06, 0
6e-06, 0
6e-06, 0
6e-06, 0
6e-06, 0
9e-06, 0
6e-06, 0
6e-06, 0
6e-06, 0
6e-06, 0
6e-06, 0
6e-06, 0
6e-06, 0
6e-06, 0
6e-06, 0
6e-06, 0
6e-06, 0
6e-06, 0
6e-06, 0
6e-06, 0
6e-06, 0
6e-06, 0
6e-06, 0
6e-06, 0
6e-06, 0
6e-06, 0
6e-06, 0
6e-06, 0
6e-06, 0
6e-06, 0
6e-06, 0
6e-06, 0
6e-06, 0
6e-06, 0
6e-06, 0
6e-06, 0
6e-06, 0
6e-06, 0
6e-06, 0
6e-06, 0
6e-06, 0
6e-06, 0
6e-06, 0
6e-06, 0
6e-06, 0
6e-06, 0
6e-06, 0
7e-06, 0
7e-06, 0
7e-06, 0
8e-06, 0
7e-06, 0
7e-06, 0
6e-06, 0
6e-06, 0
6e-06, 0
6e-06, 0
6e-06, 0
6e-06, 0
6e-06, 0
6e-06, 0
6e-06, 0
6e-06, 0
7e-06, 0
1.2e-05, 0
8e-06, 0
7e-06, 0
8e-06, 0
7e-06, 0
7e-06, 0
7e-06, 0
7e-06, 0
8e-06, 0
8e-06, 0
7e-06, 0
8e-06, 0
8e-06, 0
7e-06, 0
8e-06, 0
8e-06, 0
8e-06, 0
8e-06, 0
8e-06, 0
8e-06, 0
8e-06, 0
8e-06, 0
7e-06, 0
8e-06, 0
8e-06, 0
8e-06, 0
8e-06, 0
8e-06, 0
8e-06, 0
8e-06, 0
7e-06, 0
8e-06, 0
8e-06, 0
8e-06, 0
8e-06, 0
8e-06, 0
8e-06, 0
8e-06, 0
8e-06, 0
8e-06, 0
8e-06, 0
7e-06, 0
8e-06, 0
8e-06, 0
8e-06, 0
8e-06, 0
7e-06, 0
8e-06, 0
7e-06, 0
8e-06, 0
7e-06, 0
8e-06, 0
8e-06, 0
8e-06, 0
8e-06, 0
8e-06, 0
8e-06, 0
1e-05, 0
7e-06, 0
9e-06, 0
8e-06, 0
9e-06, 0
8e-06, 0
8e-06, 0
8e-06, 0
8e-06, 0
7e-06, 0
8e-06, 0
7e-06, 0
8e-06, 0
8e-06, 0
7e-06, 0
7e-06, 0
7e-06, 0
7e-06, 0
7e-06, 0
8e-06, 0
6e-06, 0
6e-06, 0
6e-06, 0
7e-06, 0
6e-06, 0
6e-06, 0
6e-06, 0
6e-06, 0
6e-06, 0
6e-06, 0
6e-06, 0
6e-06, 0
6e-06, 0
6e-06, 0
6e-06, 0
6e-06, 0
6e-06, 0
6e-06, 0
6e-06, 0
6e-06, 0
6e-06, 0
6e-06, 0
6e-06, 0
6e-06, 0
6e-06, 0
6e-06, 0
6e-06, 0
6e-06, 0
6e-06, 0
6e-06, 0
6e-06, 0
6e-06, 0
6e-06, 0
6e-06, 0
6e-06, 0
6e-06, 0
6e-06, 0
6e-06, 0
6e-06, 0
6e-06, 0
6e-06, 0
6e-06, 0
6e-06, 0
6e-06, 0
6e-06, 0
6e-06, 0
6e-06, 0
6e-06, 0
6e-06, 0
6e-06, 0
6e-06, 0
6e-06, 0
6e-06, 0
6e-06, 0
6e-06, 0
7e-06, 0
6e-06, 0
6e-06, 0
8e-06, 0
6e-06, 0
6e-06, 0
6e-06, 0
6e-06, 0
6e-06, 0
6e-06, 0
6e-06, 0
6e-06, 0
6e-06, 0
6e-06, 0
6e-06, 0
6e-06, 0
6e-06, 0
6e-06, 0
6e-06, 0
6e-06, 0
6e-06, 0
8e-06, 0
6e-06, 0
6e-06, 0
6e-06, 0
6e-06, 0
6e-06, 0
6e-06, 0
6e-06, 0
6e-06, 0
6e-06, 0
6e-06, 0
6e-06, 0
6e-06, 0
6e-06, 0
6e-06, 0
6e-06, 0
6e-06, 0
6e-06, 0
7e-06, 0
6e-06, 0
6e-06, 0
8e-06, 0
8e-06, 0
6e-06, 0
6e-06, 0
6e-06, 0
6e-06, 0
6e-06, 0
6e-06, 0
6e-06, 0
6e-06, 0
6e-06, 0
6e-06, 0
6e-06, 0
6e-06, 0
6e-06, 0
6e-06, 0
6e-06, 0
6e-06, 0
6e-06, 0
6e-06, 0
7e-06, 0
7e-06, 0
8e-06, 0
7e-06, 0
8e-06, 0
9e-06, 0
8e-06, 0
8e-06, 0
8e-06, 0
8e-06, 0
9e-06, 0
8e-06, 0
6e-06, 0
7e-06, 0
6e-06, 0
6e-06, 0
6e-06, 0
6e-06, 0
6e-06, 0
6e-06, 0
6e-06, 0
6e-06, 0
6e-06, 0
6e-06, 0
6e-06, 0
6e-06, 0
6e-06, 0
6e-06, 0
6e-06, 0
6e-06, 0
6e-06, 0
6e-06, 0
6e-06, 0
6e-06, 0
6e-06, 0
6e-06, 0
6e-06, 0
6e-06, 0
6e-06, 0
6e-06, 0
6e-06, 0
6e-06, 0
6e-06, 0
6e-06, 0
6e-06, 0
6e-06, 0
6e-06, 0
6e-06, 0
6e-06, 0
6e-06, 0
6e-06, 0
6e-06, 0
6e-06, 0
6e-06, 0
6e-06, 0
6e-06, 0
6e-06, 0
6e-06, 0
6e-06, 0
1e-05, 0
1.5e-05, 0
1.5e-05, 0
1.5e-05, 0
7e-06, 0
6e-06, 0
6e-06, 0
6e-06, 0
6e-06, 0
6e-06, 0
7e-06, 0
6e-06, 0
6e-06, 0
6e-06, 0
6e-06, 0
6e-06, 0
8e-06, 0
6e-06, 0
6e-06, 0
6e-06, 0
6e-06, 0
6e-06, 0
6e-06, 0
6e-06, 0
6e-06, 0
6e-06, 0
7e-06, 0
7e-06, 0
6e-06, 0
6e-06, 0
6e-06, 0
6e-06, 0
6e-06, 0
6e-06, 0
6e-06, 0
7e-06, 0
6e-06, 0
7e-06, 0
6e-06, 0
6e-06, 0
7e-06, 0
6e-06, 0
8e-06, 0
6e-06, 0
6e-06, 0
8e-06, 0
6e-06, 0
6e-06, 0
6e-06, 0
6e-06, 0
6e-06, 0
7e-06, 0
6e-06, 0
6e-06, 0
6e-06, 0
6e-06, 0
7e-06, 0
6e-06, 0
6e-06, 0
8e-06, 0
6e-06, 0
6e-06, 0
7e-06, 0
7e-06, 0
7e-06, 0
7e-06, 0
9e-06, 0
7e-06, 0
0.000619, 0
6e-06, 0
6e-06, 0
6e-06, 0
6e-06, 0
6e-06, 0
6e-06, 0
6e-06, 0
6e-06, 0
6e-06, 0
6e-06, 0
6e-06, 0
6e-06, 0
6e-06, 0
6e-06, 0
6e-06, 0
6e-06, 0
6e-06, 0
6e-06, 0
6e-06, 0
6e-06, 0
6e-06, 0
6e-06, 0
6e-06, 0
6e-06, 0
6e-06, 0
6e-06, 0
6e-06, 0
6e-06, 0
6e-06, 0
6e-06, 0
7e-06, 0
6e-06, 0
6e-06, 0
6e-06, 0
6e-06, 0
6e-06, 0
6e-06, 0
6e-06, 0
6e-06, 0
6e-06, 0
6e-06, 0
6e-06, 0
6e-06, 0
6e-06, 0
6e-06, 0
6e-06, 0
6e-06, 0
6e-06, 0
6e-06, 0
6e-06, 0
6e-06, 0
6e-06, 0
6e-06, 0
6e-06, 0
6e-06, 0
6e-06, 0
6e-06, 0
7e-06, 0
6e-06, 0
6e-06, 0
6e-06, 0
6e-06, 0
6e-06, 0
6e-06, 0
6e-06, 0
6e-06, 0
6e-06, 0
6e-06, 0
6e-06, 0
6e-06, 0
6e-06, 0
6e-06, 0
6e-06, 0
7e-06, 0
6e-06, 0
6e-06, 0
6e-06, 0
6e-06, 0
6e-06, 0
6e-06, 0
6e-06, 0
6e-06, 0
6e-06, 0
6e-06, 0
6e-06, 0
7e-06, 0
6e-06, 0
6e-06, 0
6e-06, 0
6e-06, 0
6e-06, 0
6e-06, 0
6e-06, 0
6e-06, 0
6e-06, 0
6e-06, 0
6e-06, 0
6e-06, 0
6e-06, 0
6e-06, 0
6e-06, 0
6e-06, 0
6e-06, 0
6e-06, 0
6e-06, 0
6e-06, 0
6e-06, 0
6e-06, 0
6e-06, 0
6e-06, 0
6e-06, 0
6e-06, 0
6e-06, 0
6e-06, 0
6e-06, 0
6e-06, 0
6e-06, 0
7e-06, 0
7e-06, 0
6e-06, 0
7e-06, 0
6e-06, 0
6e-06, 0
6e-06, 0
6e-06, 0
6e-06, 0
6e-06, 0
6e-06, 0
6e-06, 0
6e-06, 0
6e-06, 0
6e-06, 0
6e-06, 0
6e-06, 0
6e-06, 0
6e-06, 0
6e-06, 0
6e-06, 0
6e-06, 0
8e-06, 0
8e-06, 0
8e-06, 0
8e-06, 0
8e-06, 0
8e-06, 0
8e-06, 0
8e-06, 0
8e-06, 0
8e-06, 0
9e-06, 0
7e-06, 0
6e-06, 0
6e-06, 0
6e-06, 0
6e-06, 0
6e-06, 0
6e-06, 0
6e-06, 0
6e-06, 0
6e-06, 0
6e-06, 0
6e-06, 0
6e-06, 0
6e-06, 0
6e-06, 0
6e-06, 0
6e-06, 0
6e-06, 0
6e-06, 0
6e-06, 0
6e-06, 0
7e-06, 0
6e-06, 0
6e-06, 0
6e-06, 0
6e-06, 0
6e-06, 0
6e-06, 0
6e-06, 0
6e-06, 0
6e-06, 0
6e-06, 0
6e-06, 0
6e-06, 0
6e-06, 0
6e-06, 0
6e-06, 0
6e-06, 0
6e-06, 0
6e-06, 0
6e-06, 0
6e-06, 0
6e-06, 0
6e-06, 0
6e-06, 0
6e-06, 0
6e-06, 0
6e-06, 0
6e-06, 0
6e-06, 0
6e-06, 0
6e-06, 0
6e-06, 0
6e-06, 0
6e-06, 0
6e-06, 0
6e-06, 0
6e-06, 0
6e-06, 0
6e-06, 0
6e-06, 0
6e-06, 0
7e-06, 0
7e-06, 0
6e-06, 0
6e-06, 0
6e-06, 0
6e-06, 0
6e-06, 0
6e-06, 0
6e-06, 0
6e-06, 0
6e-06, 0
6e-06, 0
6e-06, 0
6e-06, 0
6e-06, 0
6e-06, 0
6e-06, 0
6e-06, 0
6e-06, 0
6e-06, 0
6e-06, 0
7e-06, 0
6e-06, 0
6e-06, 0
6e-06, 0
6e-06, 0
6e-06, 0
6e-06, 0
6e-06, 0
6e-06, 0
6e-06, 0
6e-06, 0
6e-06, 0
7e-06, 0
6e-06, 0
6e-06, 0
7e-06, 0
6e-06, 0
7e-06, 0
6e-06, 0
6e-06, 0
6e-06, 0
6e-06, 0
7e-06, 0
6e-06, 0
6e-06, 0
6e-06, 0
6e-06, 0
6e-06, 0
6e-06, 0
6e-06, 0
6e-06, 0
6e-06, 0
6e-06, 0
6e-06, 0
7e-06, 0
6e-06, 0
6e-06, 0
6e-06, 0
6e-06, 0
6e-06, 0
6e-06, 0
6e-06, 0
6e-06, 0
6e-06, 0
6e-06, 0
6e-06, 0
6e-06, 0
6e-06, 0
7e-06, 0
6e-06, 0
6e-06, 0
6e-06, 0
6e-06, 0
6e-06, 0
6e-06, 0
6e-06, 0
6e-06, 0
6e-06, 0
6e-06, 0
6e-06, 0
6e-06, 0
6e-06, 0
6e-06, 0
6e-06, 0
6e-06, 0
6e-06, 0
6e-06, 0
6e-06, 0
6e-06, 0
6e-06, 0
6e-06, 0
6e-06, 0
7e-06, 0
1e-05, 0
1.6e-05, 0
1.5e-05, 0
1.6e-05, 0
6e-06, 0
6e-06, 0
6e-06, 0
6e-06, 0
6e-06, 0
6e-06, 0
6e-06, 0
6e-06, 0
6e-06, 0
6e-06, 0
6e-06, 0
6e-06, 0
6e-06, 0
8e-06, 0
8e-06, 0
1e-05, 0
8e-06, 0
1e-05, 0
9e-06, 0
1e-05, 0
1e-05, 0
9e-06, 0
1e-05, 0
9e-06, 0
9e-06, 0
1e-05, 0
9e-06, 0
1e-05, 0
9e-06, 0
9e-06, 0
1e-05, 0
9e-06, 0
9e-06, 0
9e-06, 0
1e-05, 0
9e-06, 0
9e-06, 0
1e-05, 0
9e-06, 0
9e-06, 0
1e-05, 0
1e-05, 0
9e-06, 0
9e-06, 0
1e-05, 0
9e-06, 0
9e-06, 0
9e-06, 0
9e-06, 0
9e-06, 0
9e-06, 0
1e-05, 0
1e-05, 0
9e-06, 0
9e-06, 0
9e-06, 0
9e-06, 0
9e-06, 0
9e-06, 0
9e-06, 0
9e-06, 0
9e-06, 0
9e-06, 0
1.2e-05, 0
9e-06, 0
9e-06, 0
9e-06, 0
9e-06, 0
9e-06, 0
9e-06, 0
1e-05, 0
1e-05, 0
9e-06, 0
9e-06, 0
9e-06, 0
1e-05, 0
9e-06, 0
1e-05, 0
9e-06, 0
1e-05, 0
1e-05, 0
1e-05, 0
9e-06, 0
9e-06, 0
9e-06, 0
9e-06, 0
9e-06, 0
9e-06, 0
9e-06, 0
9e-06, 0
1e-05, 0
1e-05, 0
9e-06, 0
9e-06, 0
9e-06, 0
1e-05, 0
9e-06, 0
9e-06, 0
9e-06, 0
9e-06, 0
9e-06, 0
1e-05, 0
9e-06, 0
8e-06, 0
9e-06, 0
9e-06, 0
9e-06, 0
9e-06, 0
1e-05, 0
8e-06, 0
9e-06, 0
9e-06, 0
9e-06, 0
1e-05, 0
9e-06, 0
9e-06, 0
9e-06, 0
1e-05, 0
9e-06, 0
1e-05, 0
9e-06, 0
9e-06, 0
1e-05, 0
9e-06, 0
9e-06, 0
9e-06, 0
9e-06, 0
1e-05, 0
9e-06, 0
1e-05, 0
0.000102, 0
2e-05, 0
1e-05, 0
9e-06, 0
9e-06, 0
1e-05, 0
9e-06, 0
1e-05, 0
9e-06, 0
1e-05, 0
9e-06, 0
9e-06, 0
1e-05, 0
1e-05, 0
9e-06, 0
7.7e-05, 0
9e-06, 0
9e-06, 0
1e-05, 0
9e-06, 0
9e-06, 0
1e-05, 0
1e-05, 0
1e-05, 0
1e-05, 0
9e-06, 0
1e-05, 0
9e-06, 0
8e-06, 0
1e-05, 0
1e-05, 0
8e-06, 0
9e-06, 0
8e-06, 0
9e-06, 0
9e-06, 0
9e-06, 0
9e-06, 0
9e-06, 0
1e-05, 0
1e-05, 0
1e-05, 0
9e-06, 0
9e-06, 0
9e-06, 0
9e-06, 0
9e-06, 0
1e-05, 0
9e-06, 0
8e-06, 0
1e-05, 0
1e-05, 0
9e-06, 0
9e-06, 0
9e-06, 0
9e-06, 0
9e-06, 0
9e-06, 0
9e-06, 0
9e-06, 0
9e-06, 0
1e-05, 0
1e-05, 0
1e-05, 0
9e-06, 0
9e-06, 0
8e-06, 0
9e-06, 0
9e-06, 0
9e-06, 0
9e-06, 0
9e-06, 0
9e-06, 0
9e-06, 0
1e-05, 0
1e-05, 0
1e-05, 0
9e-06, 0
9e-06, 0
9e-06, 0
9e-06, 0
9e-06, 0
9e-06, 0
1e-05, 0
1e-05, 0
1e-05, 0
9e-06, 0
9e-06, 0
2.5e-05, 0
9e-06, 0
9e-06, 0
9e-06, 0
9e-06, 0
1e-05, 0
9e-06, 0
9e-06, 0
9e-06, 0
9e-06, 0
1e-05, 0
9e-06, 0
9e-06, 0
1e-05, 0
9e-06, 0
9e-06, 0
9e-06, 0
9e-06, 0
1e-05, 0
9e-06, 0
1e-05, 0
9e-06, 0
1e-05, 0
1e-05, 0
9e-06, 0
9e-06, 0
9e-06, 0
1e-05, 0
2.2e-05, 0
9e-06, 0
1e-05, 0
9e-06, 0
1e-05, 0
9e-06, 0
1e-05, 0
9e-06, 0
1e-05, 0
9e-06, 0
1e-05, 0
1.5e-05, 0
9e-06, 0
1e-05, 0
9e-06, 0
1e-05, 0
1e-05, 0
1.2e-05, 0
9e-06, 0
9e-06, 0
9e-06, 0
9e-06, 0
9e-06, 0
1e-05, 0
9e-06, 0
9e-06, 0
9e-06, 0
9e-06, 0
9e-06, 0
9e-06, 0
1e-05, 0
1e-05, 0
9e-06, 0
9e-06, 0
9e-06, 0
9e-06, 0
9e-06, 0
1e-05, 0
9e-06, 0
1.1e-05, 0
1e-05, 0
9e-06, 0
1.1e-05, 0
1e-05, 0
9e-06, 0
1.1e-05, 0
9e-06, 0
9e-06, 0
9e-06, 0
9e-06, 0
9e-06, 0
9e-06, 0
9e-06, 0
9e-06, 0
1e-05, 0
1e-05, 0
1.1e-05, 0
1e-05, 0
9e-06, 0
9e-06, 0
9e-06, 0
9e-06, 0
9e-06, 0
9e-06, 0
9e-06, 0
9e-06, 0
1e-05, 0
9e-06, 0
9e-06, 0
9e-06, 0
9e-06, 0
9e-06, 0
1e-05, 0
9e-06, 0
1e-05, 0
9e-06, 0
9e-06, 0
8e-06, 0
1e-05, 0
9e-06, 0
9e-06, 0
9e-06, 0
1e-05, 0
9e-06, 0
1e-05, 0
9e-06, 0
1e-05, 0
1e-05, 0
9e-06, 0
9e-06, 0
9e-06, 0
1e-05, 0
1e-05, 0
9e-06, 0
1e-05, 0
9e-06, 0
9e-06, 0
1e-05, 0
9e-06, 0
1e-05, 0
1e-05, 0
9e-06, 0
1e-05, 0
9e-06, 0
1e-05, 0
9e-06, 0
1e-05, 0
9e-06, 0
9e-06, 0
9e-06, 0
9e-06, 0
9e-06, 0
9e-06, 0
9e-06, 0
9e-06, 0
9e-06, 0
1e-05, 0
9e-06, 0
9e-06, 0
9e-06, 0
1e-05, 0
9e-06, 0
9e-06, 0
9e-06, 0
9e-06, 0
9e-06, 0
9e-06, 0
1e-05, 0
9e-06, 0
9e-06, 0
9e-06, 0
1e-05, 0
1e-05, 0
9e-06, 0
9e-06, 0
9e-06, 0
9e-06, 0
1e-05, 0
9e-06, 0
9e-06, 0
9e-06, 0
9e-06, 0
1e-05, 0
9e-06, 0
9e-06, 0
9e-06, 0
9e-06, 0
1e-05, 0
9e-06, 0
9e-06, 0
9e-06, 0
9e-06, 0
9e-06, 0
1e-05, 0
1e-05, 0
1e-05, 0
9e-06, 0
9e-06, 0
1e-05, 0
1e-05, 0
9e-06, 0
9e-06, 0
9e-06, 0
9e-06, 0
9e-06, 0
9e-06, 0
9e-06, 0
1e-05, 0
9e-06, 0
9e-06, 0
9e-06, 0
9e-06, 0
9e-06, 0
9e-06, 0
0.000106, 0
1e-05, 0
8e-06, 0
8e-06, 0
8e-06, 0
8e-06, 0
8e-06, 0
8e-06, 0
8e-06, 0
9e-06, 0
7e-06, 0
7e-06, 0
7e-06, 0
7e-06, 0
7e-06, 0
8e-06, 0
7e-06, 0
8e-06, 0
8e-06, 0
8e-06, 0
8e-06, 0
8e-06, 0
8e-06, 0
8e-06, 0
8e-06, 0
8e-06, 0
8e-06, 0
1e-05, 0
8e-06, 0
8e-06, 0
7e-06, 0
8e-06, 0
8e-06, 0
1e-05, 0
9e-06, 0
8e-06, 0
9e-06, 0
8e-06, 0
8e-06, 0
8e-06, 0
7e-06, 0
8e-06, 0
8e-06, 0
9e-06, 0
8e-06, 0
9e-06, 0
8e-06, 0
8e-06, 0
8e-06, 0
8e-06, 0
8e-06, 0
8e-06, 0
8e-06, 0
8e-06, 0
8e-06, 0
8e-06, 0
8e-06, 0
8e-06, 0
9e-06, 0
7e-06, 0
8e-06, 0
8e-06, 0
8e-06, 0
8e-06, 0
8e-06, 0
9e-06, 0
9e-06, 0
8e-06, 0
7e-06, 0
9e-06, 0
8e-06, 0
7e-06, 0
9e-06, 0
8e-06, 0
8e-06, 0
9e-06, 0
7e-06, 0
8e-06, 0
9e-06, 0
7e-06, 0
8e-06, 0
8e-06, 0
8e-06, 0
8e-06, 0
8e-06, 0
9e-06, 0
8e-06, 0
8e-06, 0
8e-06, 0
8e-06, 0
8e-06, 0
8e-06, 0
8e-06, 0
8e-06, 0
8e-06, 0
8e-06, 0
8e-06, 0
8e-06, 0
7e-06, 0
7e-06, 0
8e-06, 0
7e-06, 0
6e-06, 0
6e-06, 0
6e-06, 0
6e-06, 0
6e-06, 0
6e-06, 0
6e-06, 0
6e-06, 0
6e-06, 0
6e-06, 0
6e-06, 0
6e-06, 0
6e-06, 0
6e-06, 0
6e-06, 0
8e-06, 0
7e-06, 0
8e-06, 0
6e-06, 0
6e-06, 0
6e-06, 0
6e-06, 0
6e-06, 0
6e-06, 0
6e-06, 0
6e-06, 0
6e-06, 0
6e-06, 0
6e-06, 0
6e-06, 0
6e-06, 0
6e-06, 0
6e-06, 0
6e-06, 0
6e-06, 0
6e-06, 0
6e-06, 0
6e-06, 0
6e-06, 0
6e-06, 0
6e-06, 0
6e-06, 0
6e-06, 0
6e-06, 0
6e-06, 0
6e-06, 0
6e-06, 0
6e-06, 0
6e-06, 0
0.000467, 0
6e-06, 0
6e-06, 0
6e-06, 0
8e-06, 0
6e-06, 0
6e-06, 0
6e-06, 0
6e-06, 0
6e-06, 0
6e-06, 0
6e-06, 0
6e-06, 0
6e-06, 0
6e-06, 0
6e-06, 0
6e-06, 0
6e-06, 0
6e-06, 0
6e-06, 0
6e-06, 0
6e-06, 0
6e-06, 0
6e-06, 0
6e-06, 0
6e-06, 0
6e-06, 0
6e-06, 0
6e-06, 0
6e-06, 0
6e-06, 0
6e-06, 0
6e-06, 0
6e-06, 0
6e-06, 0
6e-06, 0
6e-06, 0
6e-06, 0
6e-06, 0
6e-06, 0
6e-06, 0
6e-06, 0
6e-06, 0
6e-06, 0
6e-06, 0
6e-06, 0
6e-06, 0
6e-06, 0
6e-06, 0
6e-06, 0
6e-06, 0
6e-06, 0
6e-06, 0
6e-06, 0
6e-06, 0
7e-06, 0
6e-06, 0
6e-06, 0
6e-06, 0
6e-06, 0
6e-06, 0
6e-06, 0
6e-06, 0
6e-06, 0
6e-06, 0
6e-06, 0
6e-06, 0
6e-06, 0
7e-06, 0
6e-06, 0
6e-06, 0
6e-06, 0
7e-06, 0
6e-06, 0
6e-06, 0
7e-06, 0
7e-06, 0
7e-06, 0
6e-06, 0
7e-06, 0
6e-06, 0
6e-06, 0
7e-06, 0
6e-06, 0
6e-06, 0
6e-06, 0
6e-06, 0
9e-06, 0
7e-06, 0
7e-06, 0
6e-06, 0
6e-06, 0
6e-06, 0
6e-06, 0
6e-06, 0
6e-06, 0
1e-05, 0
9e-06, 0
8e-06, 0
6e-06, 0
7e-06, 0
6e-06, 0
6e-06, 0
6e-06, 0
6e-06, 0
6e-06, 0
6e-06, 0
6e-06, 0
6e-06, 0
6e-06, 0
6e-06, 0
6e-06, 0
6e-06, 0
6e-06, 0
6e-06, 0
6e-06, 0
7e-06, 0
9e-06, 0
6e-06, 0
6e-06, 0
6e-06, 0
8e-06, 0
8e-06, 0
8e-06, 0
8e-06, 0
8e-06, 0
6e-06, 0
6e-06, 0
6e-06, 0
6e-06, 0
6e-06, 0
6e-06, 0
6e-06, 0
6e-06, 0
6e-06, 0
6e-06, 0
6e-06, 0
6e-06, 0
6e-06, 0
6e-06, 0
6e-06, 0
6e-06, 0
6e-06, 0
6e-06, 0
6e-06, 0
6e-06, 0
6e-06, 0
6e-06, 0
6e-06, 0
6e-06, 0
6e-06, 0
6e-06, 0
6e-06, 0
7e-06, 0
6e-06, 0
6e-06, 0
6e-06, 0
6e-06, 0
6e-06, 0
6e-06, 0
6e-06, 0
6e-06, 0
6e-06, 0
6e-06, 0
7e-06, 0
6e-06, 0
6e-06, 0
6e-06, 0
6e-06, 0
6e-06, 0
6e-06, 0
7e-06, 0
6e-06, 0
6e-06, 0
6e-06, 0
6e-06, 0
6e-06, 0
7e-06, 0
6e-06, 0
6e-06, 0
6e-06, 0
6e-06, 0
6e-06, 0
6e-06, 0
6e-06, 0
6e-06, 0
6e-06, 0
6e-06, 0
6e-06, 0
6e-06, 0
6e-06, 0
6e-06, 0
6e-06, 0
6e-06, 0
6e-06, 0
6e-06, 0
6e-06, 0
6e-06, 0
6e-06, 0
6e-06, 0
6e-06, 0
6e-06, 0
6e-06, 0
6e-06, 0
6e-06, 0
6e-06, 0
6e-06, 0
6e-06, 0
6e-06, 0
6e-06, 0
6e-06, 0
6e-06, 0
6e-06, 0
6e-06, 0
6e-06, 0
6e-06, 0
6e-06, 0
6e-06, 0
6e-06, 0
6e-06, 0
6e-06, 0
6e-06, 0
6e-06, 0
6e-06, 0
6e-06, 0
6e-06, 0
6e-06, 0
6e-06, 0
6e-06, 0
6e-06, 0
6e-06, 0
6e-06, 0
6e-06, 0
6e-06, 0
6e-06, 0
6e-06, 0
6e-06, 0
6e-06, 0
6e-06, 0
7e-06, 0
8e-06, 0
8e-06, 0
6e-06, 0
6e-06, 0
8e-06, 0
9e-06, 0
8e-06, 0
8e-06, 0
8e-06, 0
8e-06, 0
8e-06, 0
8e-06, 0
8e-06, 0
7e-06, 0
9e-06, 0
8e-06, 0
8e-06, 0
7e-06, 0
6e-06, 0
6e-06, 0
7e-06, 0
7e-06, 0
8e-06, 0
8e-06, 0
6e-06, 0
6e-06, 0
9e-06, 0
6e-06, 0
6e-06, 0
6e-06, 0
6e-06, 0
6e-06, 0
6e-06, 0
8e-06, 0
8e-06, 0
8e-06, 0
8e-06, 0
7e-06, 0
7e-06, 0
6e-06, 0
6e-06, 0
8e-06, 0
9e-06, 0
8e-06, 0
7e-06, 0
6e-06, 0
6e-06, 0
6e-06, 0
8e-06, 0
6e-06, 0
6e-06, 0
6e-06, 0
6e-06, 0
6e-06, 0
6e-06, 0
6e-06, 0
6e-06, 0
6e-06, 0
6e-06, 0
6e-06, 0
6e-06, 0
6e-06, 0
7e-06, 0
6e-06, 0
6e-06, 0
6e-06, 0
6e-06, 0
6e-06, 0
6e-06, 0
6e-06, 0
6e-06, 0
6e-06, 0
6e-06, 0
6e-06, 0
6e-06, 0
6e-06, 0
6e-06, 0
6e-06, 0
8e-06, 0
8e-06, 0
8e-06, 0
8e-06, 0
8e-06, 0
8e-06, 0
9e-06, 0
6e-06, 0
6e-06, 0
6e-06, 0
6e-06, 0
6e-06, 0
6e-06, 0
6e-06, 0
6e-06, 0
6e-06, 0
6e-06, 0
6e-06, 0
6e-06, 0
6e-06, 0
6e-06, 0
6e-06, 0
6e-06, 0
6e-06, 0
6e-06, 0
6e-06, 0
6e-06, 0
6e-06, 0
6e-06, 0
6e-06, 0
6e-06, 0
6e-06, 0
6e-06, 0
6e-06, 0
6e-06, 0
6e-06, 0
6e-06, 0
6e-06, 0
6e-06, 0
6e-06, 0
6e-06, 0
8e-06, 0
6e-06, 0
6e-06, 0
6e-06, 0
6e-06, 0
6e-06, 0
6e-06, 0
6e-06, 0
6e-06, 0
6e-06, 0
6e-06, 0
6e-06, 0
6e-06, 0
6e-06, 0
6e-06, 0
6e-06, 0
6e-06, 0
6e-06, 0
6e-06, 0
6e-06, 0
6e-06, 0
6e-06, 0
6e-06, 0
6e-06, 0
6e-06, 0
6e-06, 0
6e-06, 0
6e-06, 0
6e-06, 0
6e-06, 0
1e-05, 0
6e-06, 0
7e-06, 0
6e-06, 0
7e-06, 0
8e-06, 0
6e-06, 0
6e-06, 0
8e-06, 0
8e-06, 0
8e-06, 0
6e-06, 0
9e-06, 0
1.1e-05, 0
1e-05, 0
6e-06, 0
6e-06, 0
6e-06, 0
6e-06, 0
6e-06, 0
6e-06, 0
6e-06, 0
6e-06, 0
6e-06, 0
6e-06, 0
6e-06, 0
6e-06, 0
6e-06, 0
7e-06, 0
6e-06, 0
6e-06, 0
6e-06, 0
6e-06, 0
1e-05, 0
6e-06, 0
8e-06, 0
6e-06, 0
9e-06, 0
8e-06, 0
8e-06, 0
1e-05, 0
7e-06, 0
1.1e-05, 0
1e-05, 0
9e-06, 0
8e-06, 0
8e-06, 0
8e-06, 0
8e-06, 0
8e-06, 0
8e-06, 0
8e-06, 0
9e-06, 0
7e-06, 0
8e-06, 0
7e-06, 0
9e-06, 0
8e-06, 0
9e-06, 0
9e-06, 0
8e-06, 0
8e-06, 0
9e-06, 0
9e-06, 0
8e-06, 0
8e-06, 0
8e-06, 0
7e-06, 0
8e-06, 0
6e-06, 0
1e-05, 0
8e-06, 0
9e-06, 0
1e-05, 0
9e-06, 0
7e-06, 0
8e-06, 0
9e-06, 0
2.1e-05, 0
2.7e-05, 0
9e-06, 0
1.1e-05, 0
1.5e-05, 0
1.5e-05, 0
6e-06, 0
6e-06, 0
6e-06, 0
6e-06, 0
6e-06, 0
6e-06, 0
6e-06, 0
6e-06, 0
6e-06, 0
6e-06, 0
6e-06, 0
6e-06, 0
6e-06, 0
6e-06, 0
6e-06, 0
6e-06, 0
6e-06, 0
6e-06, 0
6e-06, 0
6e-06, 0
6e-06, 0
6e-06, 0
7e-06, 0
7e-06, 0
6e-06, 0
6e-06, 0
6e-06, 0
6e-06, 0
6e-06, 0
6e-06, 0
6e-06, 0
6e-06, 0
6e-06, 0
7e-06, 0
6e-06, 0
6e-06, 0
6e-06, 0
6e-06, 0
6e-06, 0
6e-06, 0
6e-06, 0
6e-06, 0
6e-06, 0
6e-06, 0
6e-06, 0
6e-06, 0
6e-06, 0
6e-06, 0
9e-06, 0
9e-06, 0
1e-05, 0
6e-06, 0
6e-06, 0
6e-06, 0
6e-06, 0
6e-06, 0
6e-06, 0
6e-06, 0
6e-06, 0
7e-06, 0
6e-06, 0
6e-06, 0
6e-06, 0
6e-06, 0
6e-06, 0
6e-06, 0
6e-06, 0
7e-06, 0
6e-06, 0
8e-06, 0
6e-06, 0
6e-06, 0
6e-06, 0
8e-06, 0
9e-06, 0
1e-05, 0
8e-06, 0
9e-06, 0
9e-06, 0
9e-06, 0
9e-06, 0
8e-06, 0
8e-06, 0
9e-06, 0
8e-06, 0
9e-06, 0
1e-05, 0
9e-06, 0
9e-06, 0
9e-06, 0
8e-06, 0
9e-06, 0
9e-06, 0
9e-06, 0
8e-06, 0
9e-06, 0
9e-06, 0
9e-06, 0
9e-06, 0
9e-06, 0
7e-06, 0
8e-06, 0
8e-06, 0
8e-06, 0
9e-06, 0
7e-06, 0
8e-06, 0
9e-06, 0
8e-06, 0
6e-06, 0
6e-06, 0
6e-06, 0
6e-06, 0
6e-06, 0
6e-06, 0
6e-06, 0
6e-06, 0
6e-06, 0
7e-06, 0
6e-06, 0
8e-06, 0
8e-06, 0
7e-06, 0
9e-06, 0
8e-06, 0
8e-06, 0
6e-06, 0
6e-06, 0
6e-06, 0
6e-06, 0
8e-06, 0
8e-06, 0
7e-06, 0
8e-06, 0
8e-06, 0
8e-06, 0
7e-06, 0
6e-06, 0
6e-06, 0
6e-06, 0
6e-06, 0
6e-06, 0
6e-06, 0
6e-06, 0
6e-06, 0
6e-06, 0
6e-06, 0
6e-06, 0
6e-06, 0
6e-06, 0
6e-06, 0
6e-06, 0
6e-06, 0
6e-06, 0
6e-06, 0
6e-06, 0
6e-06, 0
6e-06, 0
6e-06, 0
6e-06, 0
6e-06, 0
6e-06, 0
6e-06, 0
6e-06, 0
6e-06, 0
6e-06, 0
6e-06, 0
6e-06, 0
6e-06, 0
6e-06, 0
6e-06, 0
7e-06, 0
6e-06, 0
6e-06, 0
6e-06, 0
6e-06, 0
6e-06, 0
6e-06, 0
6e-06, 0
6e-06, 0
6e-06, 0
6e-06, 0
6e-06, 0
6e-06, 0
6e-06, 0
6e-06, 0
6e-06, 0
6e-06, 0
6e-06, 0
6e-06, 0
6e-06, 0
6e-06, 0
6e-06, 0
6e-06, 0
7e-06, 0
6e-06, 0
7e-06, 0
6e-06, 0
6e-06, 0
6e-06, 0
6e-06, 0
6e-06, 0
6e-06, 0
7e-06, 0
6e-06, 0
6e-06, 0
6e-06, 0
6e-06, 0
6e-06, 0
6e-06, 0
6e-06, 0
6e-06, 0
6e-06, 0
6e-06, 0
6e-06, 0
6e-06, 0
6e-06, 0
6e-06, 0
6e-06, 0
7e-06, 0
6e-06, 0
6e-06, 0
6e-06, 0
6e-06, 0
6e-06, 0
6e-06, 0
1e-05, 0
1.1e-05, 0
6e-06, 0
6e-06, 0
6e-06, 0
6e-06, 0
6e-06, 0
6e-06, 0
6e-06, 0
6e-06, 0
6e-06, 0
6e-06, 0
6e-06, 0
6e-06, 0
6e-06, 0
6e-06, 0
6e-06, 0
6e-06, 0
6e-06, 0
6e-06, 0
9e-06, 0
6e-06, 0
6e-06, 0
6e-06, 0
6e-06, 0
6e-06, 0
6e-06, 0
7e-06, 0
8e-06, 0
8e-06, 0
7e-06, 0
8e-06, 0
7e-06, 0
8e-06, 0
8e-06, 0
9e-06, 0
8e-06, 0
8e-06, 0
8e-06, 0
8e-06, 0
8e-06, 0
8e-06, 0
8e-06, 0
9e-06, 0
8e-06, 0
7e-06, 0
7e-06, 0
7e-06, 0
7e-06, 0
8e-06, 0
8e-06, 0
8e-06, 0
8e-06, 0
8e-06, 0
7e-06, 0
9e-06, 0
6e-06, 0
6e-06, 0
7e-06, 0
9e-06, 0
9e-06, 0
1.1e-05, 0
6e-06, 0
7e-06, 0
8e-06, 0
9e-06, 0
8e-06, 0
1.5e-05, 0
8e-06, 0
9e-06, 0
8e-06, 0
8e-06, 0
8e-06, 0
8e-06, 0
8e-06, 0
8e-06, 0
6e-06, 0
6e-06, 0
8e-06, 0
8e-06, 0
8e-06, 0
9e-06, 0
8e-06, 0
8e-06, 0
8e-06, 0
7e-06, 0
6e-06, 0
6e-06, 0
8e-06, 0
6e-06, 0
6e-06, 0
6e-06, 0
6e-06, 0
6e-06, 0
6e-06, 0
6e-06, 0
6e-06, 0
6e-06, 0
6e-06, 0
6e-06, 0
6e-06, 0
6e-06, 0
6e-06, 0
6e-06, 0
9e-06, 0
6e-06, 0
6e-06, 0
6e-06, 0
6e-06, 0
6e-06, 0
6e-06, 0
6e-06, 0
6e-06, 0
6e-06, 0
6e-06, 0
6e-06, 0
6e-06, 0
6e-06, 0
6e-06, 0
6e-06, 0
6e-06, 0
6e-06, 0
6e-06, 0
6e-06, 0
6e-06, 0
6e-06, 0
6e-06, 0
6e-06, 0
6e-06, 0
6e-06, 0
6e-06, 0
6e-06, 0
6e-06, 0
6e-06, 0
6e-06, 0
6e-06, 0
1.1e-05, 0
8e-06, 0
9e-06, 0
8e-06, 0
6e-06, 0
6e-06, 0
6e-06, 0
6e-06, 0
6e-06, 0
6e-06, 0
6e-06, 0
6e-06, 0
6e-06, 0
6e-06, 0
6e-06, 0
7e-06, 0
9e-06, 0
1.1e-05, 0
6e-06, 0
6e-06, 0
6e-06, 0
6e-06, 0
6e-06, 0
8e-06, 0
8e-06, 0
6e-06, 0
6e-06, 0
6e-06, 0
6e-06, 0
6e-06, 0
6e-06, 0
6e-06, 0
6e-06, 0
6e-06, 0
6e-06, 0
6e-06, 0
6e-06, 0
1.1e-05, 0
7e-06, 0
8e-06, 0
1.1e-05, 0
7e-06, 0
7e-06, 0
8e-06, 0
9e-06, 0
7e-06, 0
0.000701, 0
8e-06, 0
8e-06, 0
8e-06, 0
7e-06, 0
7e-06, 0
7e-06, 0
7e-06, 0
7e-06, 0
7e-06, 0
8e-06, 0
7e-06, 0
8e-06, 0
8e-06, 0
7e-06, 0
7e-06, 0
8e-06, 0
7e-06, 0
6e-06, 0
6e-06, 0
6e-06, 0
6e-06, 0
6e-06, 0
7e-06, 0
6e-06, 0
7e-06, 0
6e-06, 0
6e-06, 0
6e-06, 0
7e-06, 0
7e-06, 0
7e-06, 0
8e-06, 0
7e-06, 0
7e-06, 0
9e-06, 0
7e-06, 0
6e-06, 0
7e-06, 0
7e-06, 0
6e-06, 0
7e-06, 0
7e-06, 0
2.4e-05, 0
6e-06, 0
7e-06, 0
6e-06, 0
6e-05, 0
6e-06, 0
8e-06, 0
8e-06, 0
8e-06, 0
7e-06, 0
7e-06, 0
6e-06, 0
6e-06, 0
6e-06, 0
6e-06, 0
6e-06, 0
6e-06, 0
6e-06, 0
6e-06, 0
6e-06, 0
6e-06, 0
6e-06, 0
6e-06, 0
6e-06, 0
6e-06, 0
6e-06, 0
6e-06, 0
6e-06, 0
6e-06, 0
6e-06, 0
6e-06, 0
6e-06, 0
6e-06, 0
6e-06, 0
6e-06, 0
6e-06, 0
6e-06, 0
6e-06, 0
6e-06, 0
6e-06, 0
6e-06, 0
6e-06, 0
6e-06, 0
6e-06, 0
6e-06, 0
6e-06, 0
6e-06, 0
6e-06, 0
6e-06, 0
6e-06, 0
6e-06, 0
6e-06, 0
6e-06, 0
6e-06, 0
6e-06, 0
6e-06, 0
6e-06, 0
6e-06, 0
6e-06, 0
6e-06, 0
6e-06, 0
6e-06, 0
6e-06, 0
6e-06, 0
6e-06, 0
6e-06, 0
6e-06, 0
6e-06, 0
6e-06, 0
6e-06, 0
6e-06, 0
6e-06, 0
6e-06, 0
6e-06, 0
6e-06, 0
6e-06, 0
6e-06, 0
6e-06, 0
6e-06, 0
6e-06, 0
6e-06, 0
6e-06, 0
6e-06, 0
6e-06, 0
6e-06, 0
7e-06, 0
6e-06, 0
6e-06, 0
6e-06, 0
6e-06, 0
6e-06, 0
6e-06, 0
6e-06, 0
6e-06, 0
6e-06, 0
6e-06, 0
6e-06, 0
6e-06, 0
6e-06, 0
6e-06, 0
6e-06, 0
6e-06, 0
6e-06, 0
6e-06, 0
6e-06, 0
6e-06, 0
6e-06, 0
7e-06, 0
6e-06, 0
6e-06, 0
6e-06, 0
6e-06, 0
6e-06, 0
6e-06, 0
6e-06, 0
6e-06, 0
6e-06, 0
6e-06, 0
6e-06, 0
6e-06, 0
6e-06, 0
6e-06, 0
6e-06, 0
6e-06, 0
6e-06, 0
6e-06, 0
6e-06, 0
6e-06, 0
6e-06, 0
6e-06, 0
6e-06, 0
6e-06, 0
6e-06, 0
6e-06, 0
6e-06, 0
6e-06, 0
6e-06, 0
6e-06, 0
6e-06, 0
6e-06, 0
6e-06, 0
6e-06, 0
6e-06, 0
6e-06, 0
6e-06, 0
6e-06, 0
6e-06, 0
6e-06, 0
6e-06, 0
6e-06, 0
6e-06, 0
6e-06, 0
6e-06, 0
6e-06, 0
6e-06, 0
6e-06, 0
6e-06, 0
6e-06, 0
6e-06, 0
6e-06, 0
6e-06, 0
6e-06, 0
6e-06, 0
6e-06, 0
6e-06, 0
6e-06, 0
6e-06, 0
6e-06, 0
6e-06, 0
6e-06, 0
6e-06, 0
6e-06, 0
6e-06, 0
6e-06, 0
6e-06, 0
6e-06, 0
6e-06, 0
6e-06, 0
6e-06, 0
6e-06, 0
6e-06, 0
7e-06, 0
6e-06, 0
6e-06, 0
6e-06, 0
6e-06, 0
6e-06, 0
6e-06, 0
6e-06, 0
6e-06, 0
6e-06, 0
6e-06, 0
6e-06, 0
6e-06, 0
6e-06, 0
6e-06, 0
6e-06, 0
6e-06, 0
6e-06, 0
6e-06, 0
6e-06, 0
6e-06, 0
6e-06, 0
6e-06, 0
6e-06, 0
6e-06, 0
6e-06, 0
6e-06, 0
6e-06, 0
6e-06, 0
6e-06, 0
6e-06, 0
6e-06, 0
7e-06, 0
7e-06, 0
6e-06, 0
6e-06, 0
6e-06, 0
6e-06, 0
6e-06, 0
6e-06, 0
6e-06, 0
6e-06, 0
6e-06, 0
6e-06, 0
6e-06, 0
6e-06, 0
6e-06, 0
6e-06, 0
7e-06, 0
6e-06, 0
6e-06, 0
6e-06, 0
6e-06, 0
6e-06, 0
6e-06, 0
6e-06, 0
6e-06, 0
6e-06, 0
6e-06, 0
6e-06, 0
6e-06, 0
6e-06, 0
6e-06, 0
6e-06, 0
6e-06, 0
6e-06, 0
6e-06, 0
7e-06, 0
6e-06, 0
6e-06, 0
6e-06, 0
6e-06, 0
6e-06, 0
6e-06, 0
6e-06, 0
6e-06, 0
6e-06, 0
6e-06, 0
6e-06, 0
6e-06, 0
6e-06, 0
6e-06, 0
6e-06, 0
6e-06, 0
6e-06, 0
6e-06, 0
6e-06, 0
6e-06, 0
6e-06, 0
6e-06, 0
6e-06, 0
6e-06, 0
6e-06, 0
6e-06, 0
6e-06, 0
6e-06, 0
6e-06, 0
6e-06, 0
6e-06, 0
6e-06, 0
6e-06, 0
6e-06, 0
6e-06, 0
6e-06, 0
6e-06, 0
6e-06, 0
6e-06, 0
6e-06, 0
6e-06, 0
6e-06, 0
6e-06, 0
6e-06, 0
6e-06, 0
6e-06, 0
6e-06, 0
6e-06, 0
6e-06, 0
6e-06, 0
6e-06, 0
6e-06, 0
7e-06, 0
2.2e-05, 0
8e-06, 0
8e-06, 0
8e-06, 0
8e-06, 0
8e-06, 0
8e-06, 0
8e-06, 0
7e-06, 0
8e-06, 0
8e-06, 0
8e-06, 0
8e-06, 0
8e-06, 0
8e-06, 0
8e-06, 0
8e-06, 0
8e-06, 0
8e-06, 0
8e-06, 0
8e-06, 0
8e-06, 0
8e-06, 0
8e-06, 0
8e-06, 0
8e-06, 0
8e-06, 0
8e-06, 0
7e-06, 0
8e-06, 0
8e-06, 0
8e-06, 0
8e-06, 0
8e-06, 0
8e-06, 0
8e-06, 0
8e-06, 0
8e-06, 0
8e-06, 0
8e-06, 0
8e-06, 0
7e-06, 0
9e-06, 0
1e-05, 0
6e-06, 0
8e-06, 0
1e-05, 0
8e-06, 0
8e-06, 0
8e-06, 0
6e-06, 0
6e-06, 0
6e-06, 0
7e-06, 0
7e-06, 0
9e-06, 0
6e-06, 0
8e-06, 0
6e-06, 0
6e-06, 0
6e-06, 0
6e-06, 0
6e-06, 0
6e-06, 0
6e-06, 0
6e-06, 0
6e-06, 0
6e-06, 0
6e-06, 0
6e-06, 0
6e-06, 0
6e-06, 0
6e-06, 0
6e-06, 0
6e-06, 0
7e-06, 0
6e-06, 0
6e-06, 0
6e-06, 0
6e-06, 0
6e-06, 0
6e-06, 0
6e-06, 0
6e-06, 0
6e-06, 0
6e-06, 0
6e-06, 0
6e-06, 0
6e-06, 0
6e-06, 0
6e-06, 0
6e-06, 0
6e-06, 0
6e-06, 0
6e-06, 0
6e-06, 0
6e-06, 0
6e-06, 0
6e-06, 0
6e-06, 0
6e-06, 0
6e-06, 0
6e-06, 0
6e-06, 0
6e-06, 0
6e-06, 0
6e-06, 0
6e-06, 0
6e-06, 0
6e-06, 0
6e-06, 0
6e-06, 0
6e-06, 0
6e-06, 0
6e-06, 0
6e-06, 0
6e-06, 0
6e-06, 0
6e-06, 0
6e-06, 0
6e-06, 0
6e-06, 0
6e-06, 0
6e-06, 0
6e-06, 0
6e-06, 0
6e-06, 0
6e-06, 0
6e-06, 0
6e-06, 0
6e-06, 0
6e-06, 0
6e-06, 0
6e-06, 0
6e-06, 0
6e-06, 0
6e-06, 0
6e-06, 0
6e-06, 0
6e-06, 0
6e-06, 0
6e-06, 0
6e-06, 0
6e-06, 0
6e-06, 0
6e-06, 0
6e-06, 0
6e-06, 0
6e-06, 0
6e-06, 0
6e-06, 0
6e-06, 0
6e-06, 0
6e-06, 0
6e-06, 0
6e-06, 0
6e-06, 0
6e-06, 0
6e-06, 0
3e-05, 0
6e-06, 0
6e-06, 0
6e-06, 0
6e-06, 0
6e-06, 0
6e-06, 0
8e-06, 0
6e-06, 0
6e-06, 0
6e-06, 0
7e-06, 0
6e-06, 0
6e-06, 0
6e-06, 0
6e-06, 0
6e-06, 0
6e-06, 0
6e-06, 0
6e-06, 0
6e-06, 0
6e-06, 0
6e-06, 0
6e-06, 0
6e-06, 0
6e-06, 0
6e-06, 0
6e-06, 0
6e-06, 0
6e-06, 0
7e-06, 0
6e-06, 0
6e-06, 0
6e-06, 0
6e-06, 0
6e-06, 0
6e-06, 0
6e-06, 0
6e-06, 0
6e-06, 0
6e-06, 0
6e-06, 0
6e-06, 0
7e-06, 0
6e-06, 0
6e-06, 0
6e-06, 0
6e-06, 0
6e-06, 0
6e-06, 0
6e-06, 0
6e-06, 0
6e-06, 0
6e-06, 0
7e-06, 0
6e-06, 0
6e-06, 0
6e-06, 0
2.4e-05, 0
9e-06, 0
8e-06, 0
8e-06, 0
7e-06, 0
7e-06, 0
7e-06, 0
7e-06, 0
8e-06, 0
7e-06, 0
7e-06, 0
8e-06, 0
8e-06, 0
8e-06, 0
8e-06, 0
7e-06, 0
5.9e-05, 0
8e-06, 0
7e-06, 0
7e-06, 0
7e-06, 0
8e-06, 0
8e-06, 0
7e-06, 0
7e-06, 0
8e-06, 0
7e-06, 0
8e-06, 0
7e-06, 0
7e-06, 0
9e-06, 0
8e-06, 0
1.4e-05, 0
9e-06, 0
8e-06, 0
8e-06, 0
8e-06, 0
9e-06, 0
8e-06, 0
8e-06, 0
8e-06, 0
8e-06, 0
7e-06, 0
8e-06, 0
8e-06, 0
8e-06, 0
8e-06, 0
8e-06, 0
8e-06, 0
9e-06, 0
8e-06, 0
8e-06, 0
8e-06, 0
9e-06, 0
9e-06, 0
8e-06, 0
9e-06, 0
8e-06, 0
8e-06, 0
8e-06, 0
8e-06, 0
8e-06, 0
8e-06, 0
8e-06, 0
8e-06, 0
8e-06, 0
8e-06, 0
8e-06, 0
8e-06, 0
8e-06, 0
8e-06, 0
8e-06, 0
8e-06, 0
8e-06, 0
9e-06, 0
9e-06, 0
9e-06, 0
9e-06, 0
8e-06, 0
8e-06, 0
8e-06, 0
8e-06, 0
9e-06, 0
9e-06, 0
8e-06, 0
8e-06, 0
8e-06, 0
8e-06, 0
8e-06, 0
8e-06, 0
9e-06, 0
8e-06, 0
8e-06, 0
8e-06, 0
8e-06, 0
8e-06, 0
9e-06, 0
9e-06, 0
8e-06, 0
8e-06, 0
8e-06, 0
8e-06, 0
9e-06, 0
9e-06, 0
8e-06, 0
8e-06, 0
8e-06, 0
8e-06, 0
8e-06, 0
8e-06, 0
8e-06, 0
8e-06, 0
8e-06, 0
8e-06, 0
8e-06, 0
8e-06, 0
8e-06, 0
8e-06, 0
9e-06, 0
8e-06, 0
8e-06, 0
8e-06, 0
8e-06, 0
8e-06, 0
8e-06, 0
8e-06, 0
9e-06, 0
8e-06, 0
8e-06, 0
9e-06, 0
8e-06, 0
8e-06, 0
8e-06, 0
8e-06, 0
8e-06, 0
9e-06, 0
8e-06, 0
8e-06, 0
9e-06, 0
8e-06, 0
8e-06, 0
8e-06, 0
8e-06, 0
8e-06, 0
8e-06, 0
8e-06, 0
8e-06, 0
8e-06, 0
8e-06, 0
8e-06, 0
8e-06, 0
8e-06, 0
8e-06, 0
8e-06, 0
9e-06, 0
8e-06, 0
8e-06, 0
8e-06, 0
8e-06, 0
8e-06, 0
9e-06, 0
8e-06, 0
8e-06, 0
8e-06, 0
8e-06, 0
8e-06, 0
8e-06, 0
7e-06, 0
9e-06, 0
8e-06, 0
9e-06, 0
8e-06, 0
8e-06, 0
8e-06, 0
9e-06, 0
8e-06, 0
8e-06, 0
9e-06, 0
8e-06, 0
8e-06, 0
8e-06, 0
8e-06, 0
8e-06, 0
8e-06, 0
8e-06, 0
8e-06, 0
8e-06, 0
8e-06, 0
8e-06, 0
8e-06, 0
8e-06, 0
8e-06, 0
9e-06, 0
9e-06, 0
9e-06, 0
8e-06, 0
8e-06, 0
9e-06, 0
8e-06, 0
8e-06, 0
8e-06, 0
8e-06, 0
8e-06, 0
9e-06, 0
8e-06, 0
8e-06, 0
8e-06, 0
8e-06, 0
9e-06, 0
9e-06, 0
8e-06, 0
9e-06, 0
8e-06, 0
8e-06, 0
8e-06, 0
8e-06, 0
9e-06, 0
8e-06, 0
9e-06, 0
8e-06, 0
9e-06, 0
9e-06, 0
8e-06, 0
8e-06, 0
8e-06, 0
9e-06, 0
8e-06, 0
8e-06, 0
9e-06, 0
8e-06, 0
8e-06, 0
8e-06, 0
8e-06, 0
8e-06, 0
8e-06, 0
8e-06, 0
8e-06, 0
8e-06, 0
8e-06, 0
8e-06, 0
8e-06, 0
9e-06, 0
8e-06, 0
8e-06, 0
8e-06, 0
8e-06, 0
8e-06, 0
8e-06, 0
8e-06, 0
8e-06, 0
8e-06, 0
8e-06, 0
8e-06, 0
8e-06, 0
8e-06, 0
8e-06, 0
9e-06, 0
9e-06, 0
8e-06, 0
9.3e-05, 0
1.4e-05, 0
7e-06, 0
7e-06, 0
7e-06, 0
7e-06, 0
7e-06, 0
7e-06, 0
8e-06, 0
3.1e-05, 0
8e-06, 0
8e-06, 0
9e-06, 0
2.4e-05, 0
1e-05, 0
1.2e-05, 0
1.5e-05, 0
1.5e-05, 0
1.5e-05, 0
1.5e-05, 0
1e-05, 0
6e-06, 0
7e-06, 0
6e-06, 0
6e-06, 0
6e-06, 0
6e-06, 0
6e-06, 0
6e-06, 0
6e-06, 0
6e-06, 0
6e-06, 0
6e-06, 0
6e-06, 0
6e-06, 0
8e-06, 0
7e-06, 0
7e-06, 0
9e-06, 0
9e-06, 0
7e-06, 0
1.1e-05, 0
6e-06, 0
9e-06, 0
7e-06, 0
8e-06, 0
8e-06, 0
7e-06, 0
9e-06, 0
9e-06, 0
9e-06, 0
8e-06, 0
9e-06, 0
8e-06, 0
8e-06, 0
8e-06, 0
8e-06, 0
8e-06, 0
9e-06, 0
9e-06, 0
8e-06, 0
0.000587, 0
8e-06, 0
8e-06, 0
1.1e-05, 0
9e-06, 0
8e-06, 0
8e-06, 0
8e-06, 0
7e-06, 0
9e-06, 0
8e-06, 0
6e-06, 0
6e-06, 0
6e-06, 0
6e-06, 0
6e-06, 0
6e-06, 0
6e-06, 0
6e-06, 0
1.1e-05, 0
1.1e-05, 0
8e-06, 0
9e-06, 0
1e-05, 0
9e-06, 0
1.1e-05, 0
1.1e-05, 0
6e-06, 0
6e-06, 0
6e-06, 0
6e-06, 0
6e-06, 0
6e-06, 0
6e-06, 0
6e-06, 0
6e-06, 0
7e-06, 0
8e-06, 0
6e-06, 0
6e-06, 0
8e-06, 0
6e-06, 0
7e-06, 0
8e-06, 0
8e-06, 0
9e-06, 0
8e-06, 0
9e-06, 0
9e-06, 0
8e-06, 0
8e-06, 0
7e-06, 0
8e-06, 0
8e-06, 0
8e-06, 0
8e-06, 0
9e-06, 0
8e-06, 0
9e-06, 0
7e-06, 0
7e-06, 0
8e-06, 0
7e-06, 0
9e-06, 0
7e-06, 0
8e-06, 0
9e-06, 0
9e-06, 0
6e-06, 0
8e-06, 0
6e-06, 0
8e-06, 0
8e-06, 0
2.2e-05, 0
1e-05, 0
7e-06, 0
6e-06, 0
8e-06, 0
6e-06, 0
7e-06, 0
6e-06, 0
8e-06, 0
7e-06, 0
8e-06, 0
7e-06, 0
7e-06, 0
8e-06, 0
9e-06, 0
9e-06, 0
9e-06, 0
7e-06, 0
8e-06, 0
8e-06, 0
8e-06, 0
7e-06, 0
8e-06, 0
8e-06, 0
8e-06, 0
8e-06, 0
7e-06, 0
8e-06, 0
8e-06, 0
8e-06, 0
8e-06, 0
8e-06, 0
7e-06, 0
7e-06, 0
8e-06, 0
8e-06, 0
7e-06, 0
9e-06, 0
9e-06, 0
8e-06, 0
6e-06, 0
6e-06, 0
6e-06, 0
7e-06, 0
7e-06, 0
8e-06, 0
7e-06, 0
3.2e-05, 0
6e-06, 0
6e-06, 0
6e-06, 0
8e-06, 0
6e-06, 0
6e-06, 0
6e-06, 0
6e-06, 0
6e-06, 0
6e-06, 0
8e-06, 0
6e-06, 0
6e-06, 0
6e-06, 0
7e-06, 0
6e-06, 0
6e-06, 0
6e-06, 0
7e-06, 0
7e-06, 0
7e-06, 0
7e-06, 0
7e-06, 0
7e-06, 0
8e-06, 0
7e-06, 0
6e-06, 0
6e-06, 0
8e-06, 0
9e-06, 0
7e-06, 0
7e-06, 0
8e-06, 0
9e-06, 0
8e-06, 0
7e-06, 0
8e-06, 0
6e-06, 0
6e-06, 0
6e-06, 0
6e-06, 0
7e-06, 0
8e-06, 0
7e-06, 0
8e-06, 0
7e-06, 0
7e-06, 0
6e-06, 0
7e-06, 0
6e-06, 0
6e-06, 0
6e-06, 0
7e-06, 0
6e-06, 0
6e-06, 0
7e-06, 0
7e-06, 0
6e-06, 0
6e-06, 0
6e-06, 0
7e-06, 0
6e-06, 0
7e-06, 0
6e-06, 0
6e-06, 0
6e-06, 0
6e-06, 0
7e-06, 0
7e-06, 0
6e-06, 0
6e-06, 0
6e-06, 0
7e-06, 0
6e-06, 0
9e-06, 0
6e-06, 0
7e-06, 0
6e-06, 0
6e-06, 0
6e-06, 0
6e-06, 0
6e-06, 0
6e-06, 0
6e-06, 0
6e-06, 0
6e-06, 0
6e-06, 0
6e-06, 0
6e-06, 0
6e-06, 0
6e-06, 0
6e-06, 0
6e-06, 0
6e-06, 0
6e-06, 0
6e-06, 0
6e-06, 0
6e-06, 0
6e-06, 0
6e-06, 0
6e-06, 0
6e-06, 0
6e-06, 0
6e-06, 0
7e-06, 0
6e-06, 0
6e-06, 0
6e-06, 0
6e-06, 0
6e-06, 0
9e-06, 0
1.4e-05, 0
1.3e-05, 0
6e-06, 0
6e-06, 0
6e-06, 0
6e-06, 0
6e-06, 0
6e-06, 0
6e-06, 0
6e-06, 0
6e-06, 0
6e-06, 0
6e-06, 0
6e-06, 0
6e-06, 0
6e-06, 0
6e-06, 0
6e-06, 0
6e-06, 0
6e-06, 0
6e-06, 0
6e-06, 0
6e-06, 0
6e-06, 0
6e-06, 0
6e-06, 0
6e-06, 0
6e-06, 0
6e-06, 0
6e-06, 0
6e-06, 0
6e-06, 0
6e-06, 0
6e-06, 0
6e-06, 0
6e-06, 0
6e-06, 0
6e-06, 0
6e-06, 0
6e-06, 0
6e-06, 0
6e-06, 0
6e-06, 0
6e-06, 0
6e-06, 0
6e-06, 0
6e-06, 0
7e-06, 0
6e-06, 0
6e-06, 0
6e-06, 0
6e-06, 0
6e-06, 0
6e-06, 0
6e-06, 0
6e-06, 0
6e-06, 0
6e-06, 0
6e-06, 0
6e-06, 0
6e-06, 0
6e-06, 0
6e-06, 0
6e-06, 0
6e-06, 0
6e-06, 0
6e-06, 0
6e-06, 0
6e-06, 0
6e-06, 0
6e-06, 0
6e-06, 0
6e-06, 0
6e-06, 0
6e-06, 0
6e-06, 0
6e-06, 0
6e-06, 0
6e-06, 0
6e-06, 0
6e-06, 0
6e-06, 0
6e-06, 0
6e-06, 0
6e-06, 0
6e-06, 0
6e-06, 0
6e-06, 0
6e-06, 0
7e-06, 0
6e-06, 0
6e-06, 0
6e-06, 0
6e-06, 0
6e-06, 0
6e-06, 0
6e-06, 0
6e-06, 0
6e-06, 0
6e-06, 0
6e-06, 0
6e-06, 0
7e-06, 0
6e-06, 0
6e-06, 0
6e-06, 0
7e-06, 0
6e-06, 0
6e-06, 0
6e-06, 0
6e-06, 0
6e-06, 0
6e-06, 0
7e-06, 0
7e-06, 0
7e-06, 0
6e-06, 0
7e-06, 0
1.8e-05, 0
7e-06, 0
9e-06, 0
9e-06, 0
8e-06, 0
8e-06, 0
9e-06, 0
6e-06, 0
9e-06, 0
1e-05, 0
6e-06, 0
6e-06, 0
6e-06, 0
6e-06, 0
6e-06, 0
6e-06, 0
6e-06, 0
6e-06, 0
6e-06, 0
6e-06, 0
6e-06, 0
6e-06, 0
6e-06, 0
6e-06, 0
6e-06, 0
6e-06, 0
6e-06, 0
6e-06, 0
6e-06, 0
6e-06, 0
6e-06, 0
6e-06, 0
6e-06, 0
6e-06, 0
6e-06, 0
6e-06, 0
6e-06, 0
6e-06, 0
6e-06, 0
6e-06, 0
6e-06, 0
6e-06, 0
6e-06, 0
6e-06, 0
6e-06, 0
6e-06, 0
6e-06, 0
6e-06, 0
6e-06, 0
6e-06, 0
6e-06, 0
6e-06, 0
6e-06, 0
6e-06, 0
6e-06, 0
6e-06, 0
6e-06, 0
6e-06, 0
6e-06, 0
6e-06, 0
6e-06, 0
6e-06, 0
6e-06, 0
6e-06, 0
6e-06, 0
6e-06, 0
6e-06, 0
6e-06, 0
6e-06, 0
6e-06, 0
6e-06, 0
6e-06, 0
6e-06, 0
6e-06, 0
6e-06, 0
6e-06, 0
6e-06, 0
6e-06, 0
6e-06, 0
6e-06, 0
6e-06, 0
6e-06, 0
6e-06, 0
6e-06, 0
6e-06, 0
6e-06, 0
6e-06, 0
6e-06, 0
6e-06, 0
6e-06, 0
6e-06, 0
6e-06, 0
6e-06, 0
6e-06, 0
6e-06, 0
6e-06, 0
6e-06, 0
6e-06, 0
6e-06, 0
7e-06, 0
6e-06, 0
6e-06, 0
6e-06, 0
6e-06, 0
6e-06, 0
7e-06, 0
6e-06, 0
6e-06, 0
6e-06, 0
8e-06, 0
6e-06, 0
8e-06, 0
6e-06, 0
6e-06, 0
6e-06, 0
6e-06, 0
6e-06, 0
6e-06, 0
6e-06, 0
6e-06, 0
6e-06, 0
6e-06, 0
6e-06, 0
6e-06, 0
7e-06, 0
6e-06, 0
6e-06, 0
6e-06, 0
6e-06, 0
6e-06, 0
6e-06, 0
6e-06, 0
6e-06, 0
6e-06, 0
6e-06, 0
6e-06, 0
6e-06, 0
6e-06, 0
6e-06, 0
6e-06, 0
6e-06, 0
6e-06, 0
6e-06, 0
6e-06, 0
6e-06, 0
6e-06, 0
6e-06, 0
6e-06, 0
6e-06, 0
6e-06, 0
6e-06, 0
6e-06, 0
6e-06, 0
6e-06, 0
6e-06, 0
6e-06, 0
6e-06, 0
6e-06, 0
6e-06, 0
7e-06, 0
6e-06, 0
6e-06, 0
6e-06, 0
6e-06, 0
6e-06, 0
6e-06, 0
6e-06, 0
6e-06, 0
6e-06, 0
6e-06, 0
6e-06, 0
6e-06, 0
6e-06, 0
6e-06, 0
6e-06, 0
6e-06, 0
6e-06, 0
6e-06, 0
6e-06, 0
6e-06, 0
6e-06, 0
6e-06, 0
6e-06, 0
6e-06, 0
6e-06, 0
6e-06, 0
6e-06, 0
6e-06, 0
6e-06, 0
6e-06, 0
6e-06, 0
6e-06, 0
6e-06, 0
6e-06, 0
6e-06, 0
6e-06, 0
7e-06, 0
6e-06, 0
6e-06, 0
6e-06, 0
6e-06, 0
6e-06, 0
7e-06, 0
6e-06, 0
6e-06, 0
8e-06, 0
6e-06, 0
6e-06, 0
6e-06, 0
7e-06, 0
6e-06, 0
8e-06, 0
6e-06, 0
6e-06, 0
6e-06, 0
6e-06, 0
6e-06, 0
6e-06, 0
6e-06, 0
6e-06, 0
6e-06, 0
6e-06, 0
6e-06, 0
6e-06, 0
6e-06, 0
6e-06, 0
6e-06, 0
6e-06, 0
6e-06, 0
6e-06, 0
6e-06, 0
6e-06, 0
6e-06, 0
6e-06, 0
6e-06, 0
6e-06, 0
6e-06, 0
6e-06, 0
6e-06, 0
6e-06, 0
6e-06, 0
6e-06, 0
6e-06, 0
6e-06, 0
6e-06, 0
6e-06, 0
6e-06, 0
6e-06, 0
6e-06, 0
6e-06, 0
6e-06, 0
6e-06, 0
6e-06, 0
7e-06, 0
6e-06, 0
6e-06, 0
6e-06, 0
6e-06, 0
6e-06, 0
6e-06, 0
6e-06, 0
6e-06, 0
6e-06, 0
6e-06, 0
6e-06, 0
6e-06, 0
6e-06, 0
6e-06, 0
6e-06, 0
6e-06, 0
6e-06, 0
6e-06, 0
7e-06, 0
8e-06, 0
7e-06, 0
7e-06, 0
8e-06, 0
7e-06, 0
7e-06, 0
7e-06, 0
7e-06, 0
7e-06, 0
7e-06, 0
7e-06, 0
8e-06, 0
8e-06, 0
8e-06, 0
7e-06, 0
8e-06, 0
1.6e-05, 0
1.1e-05, 0
8e-06, 0
8e-06, 0
7e-06, 0
7e-06, 0
3.4e-05, 0
7e-06, 0
8e-06, 0
1.1e-05, 0
6e-06, 0
6e-06, 0
9e-06, 0
6e-06, 0
6e-06, 0
6e-06, 0
6e-06, 0
7e-06, 0
6e-06, 0
6e-06, 0
6e-06, 0
6e-06, 0
6e-06, 0
6e-06, 0
7e-06, 0
7e-06, 0
7e-06, 0
7e-06, 0
6e-06, 0
6e-06, 0
6e-06, 0
6e-06, 0
6e-06, 0
6e-06, 0
7e-06, 0
6e-06, 0
6e-06, 0
7e-06, 0
6e-06, 0
6e-06, 0
7e-06, 0
6e-06, 0
7e-06, 0
6e-06, 0
6e-06, 0
6e-06, 0
7e-06, 0
7e-06, 0
6e-06, 0
6e-06, 0
7e-06, 0
6e-06, 0
7e-06, 0
6e-06, 0
6e-06, 0
6e-06, 0
7e-06, 0
7e-06, 0
6e-06, 0
6e-06, 0
6e-06, 0
6e-06, 0
6e-06, 0
6e-06, 0
7e-06, 0
7e-06, 0
1e-05, 0
6e-06, 0
6e-06, 0
6e-06, 0
8e-06, 0
7e-06, 0
7e-06, 0
6e-06, 0
7e-06, 0
7e-06, 0
6e-06, 0
6e-06, 0
7e-06, 0
6e-06, 0
6e-06, 0
6e-06, 0
6e-06, 0
6e-06, 0
6e-06, 0
6e-06, 0
6e-06, 0
6e-06, 0
6e-06, 0
6e-06, 0
6e-06, 0
6e-06, 0
6e-06, 0
6e-06, 0
6e-06, 0
6e-06, 0
6e-06, 0
6e-06, 0
7e-06, 0
9e-06, 0
9e-06, 0
8e-06, 0
6e-06, 0
6e-06, 0
6e-06, 0
6e-06, 0
6e-06, 0
7e-06, 0
6e-06, 0
6e-06, 0
6e-06, 0
7e-06, 0
8e-06, 0
8e-06, 0
9e-06, 0
6e-06, 0
6e-06, 0
6e-06, 0
6e-06, 0
6e-06, 0
6e-06, 0
6e-06, 0
6e-06, 0
6e-06, 0
6e-06, 0
6e-06, 0
6e-06, 0
6e-06, 0
6e-06, 0
6e-06, 0
6e-06, 0
6e-06, 0
6e-06, 0
6e-06, 0
6e-06, 0
6e-06, 0
6e-06, 0
6e-06, 0
6e-06, 0
6e-06, 0
6e-06, 0
6e-06, 0
7e-06, 0
6e-06, 0
6e-06, 0
6e-06, 0
6e-06, 0
6e-06, 0
6e-06, 0
6e-06, 0
6e-06, 0
6e-06, 0
6e-06, 0
6e-06, 0
6e-06, 0
6e-06, 0
6e-06, 0
6e-06, 0
6e-06, 0
6e-06, 0
6e-06, 0
6e-06, 0
6e-06, 0
6e-06, 0
6e-06, 0
6e-06, 0
6e-06, 0
6e-06, 0
6e-06, 0
6e-06, 0
6e-06, 0
6e-06, 0
6e-06, 0
6e-06, 0
6e-06, 0
6e-06, 0
6e-06, 0
6e-06, 0
6e-06, 0
6e-06, 0
6e-06, 0
6e-06, 0
6e-06, 0
6e-06, 0
6e-06, 0
6e-06, 0
6e-06, 0
6e-06, 0
6e-06, 0
6e-06, 0
6e-06, 0
6e-06, 0
6e-06, 0
6e-06, 0
6e-06, 0
6e-06, 0
6e-06, 0
6e-06, 0
8e-06, 0
7e-06, 0
6e-06, 0
1e-05, 0
6e-06, 0
6e-06, 0
1.1e-05, 0
9e-06, 0
7e-06, 0
6e-06, 0
6e-06, 0
6e-06, 0
6e-06, 0
6e-06, 0
6e-06, 0
6e-06, 0
6e-06, 0
6e-06, 0
6e-06, 0
6e-06, 0
6e-06, 0
1.1e-05, 0
6e-06, 0
6e-06, 0
6e-06, 0
6e-06, 0
6e-06, 0
8e-06, 0
6e-06, 0
6e-06, 0
6e-06, 0
6e-06, 0
6e-06, 0
6e-06, 0
6e-06, 0
6e-06, 0
6e-06, 0
9e-06, 0
6e-06, 0
6e-06, 0
1.4e-05, 0
1.5e-05, 0
1.5e-05, 0
1.5e-05, 0
0.000528, 0
6e-06, 0
6e-06, 0
6e-06, 0
6e-06, 0
6e-06, 0
6e-06, 0
7e-06, 0
7e-06, 0
6e-06, 0
1.3e-05, 0
6e-06, 0
6e-06, 0
6e-06, 0
6e-06, 0
6e-06, 0
6e-06, 0
6e-06, 0
7e-06, 0
7e-06, 0
7e-06, 0
7e-06, 0
7e-06, 0
7e-06, 0
7e-06, 0
8e-06, 0
7e-06, 0
7e-06, 0
8e-06, 0
8e-06, 0
8e-06, 0
7e-06, 0
6e-06, 0
6e-06, 0
6e-06, 0
6e-06, 0
6e-06, 0
6e-06, 0
6e-06, 0
7e-06, 0
6e-06, 0
7e-06, 0
6e-06, 0
6e-06, 0
6e-06, 0
6e-06, 0
6e-06, 0
6e-06, 0
6e-06, 0
6e-06, 0
7e-06, 0
8e-06, 0
9e-06, 0
9e-06, 0
9e-06, 0
9e-06, 0
9e-06, 0
8e-06, 0
7e-06, 0
7e-06, 0
7e-06, 0
8e-06, 0
8e-06, 0
8e-06, 0
8e-06, 0
8e-06, 0
8e-06, 0
9e-06, 0
8e-06, 0
9e-06, 0
9e-06, 0
9e-06, 0
9e-06, 0
9e-06, 0
9e-06, 0
9e-06, 0
9e-06, 0
9e-06, 0
9e-06, 0
9e-06, 0
9e-06, 0
9e-06, 0
9e-06, 0
9e-06, 0
9e-06, 0
9e-06, 0
9e-06, 0
9e-06, 0
9e-06, 0
9e-06, 0
9e-06, 0
9e-06, 0
8e-06, 0
8e-06, 0
8e-06, 0
7e-06, 0
9e-06, 0
8e-06, 0
8e-06, 0
8e-06, 0
8e-06, 0
8e-06, 0
8e-06, 0
8e-06, 0
8e-06, 0
9e-06, 0
8e-06, 0
8e-06, 0
8e-06, 0
8e-06, 0
8e-06, 0
8e-06, 0
9e-06, 0
8e-06, 0
8e-06, 0
8e-06, 0
9e-06, 0
8e-06, 0
8e-06, 0
9e-06, 0
8e-06, 0
8e-06, 0
8e-06, 0
8e-06, 0
8e-06, 0
8e-06, 0
8e-06, 0
8e-06, 0
9e-06, 0
8e-06, 0
8e-06, 0
8e-06, 0
8e-06, 0
8e-06, 0
8e-06, 0
9e-06, 0
8e-06, 0
9e-06, 0
9e-06, 0
8e-06, 0
8e-06, 0
9e-06, 0
8e-06, 0
8e-06, 0
8e-06, 0
9e-06, 0
8e-06, 0
8e-06, 0
8e-06, 0
9e-06, 0
8e-06, 0
8e-06, 0
8e-06, 0
8e-06, 0
9e-06, 0
8e-06, 0
9e-06, 0
8e-06, 0
8e-06, 0
8e-06, 0
9e-06, 0
9e-06, 0
8e-06, 0
9e-06, 0
8e-06, 0
8e-06, 0
8e-06, 0
8e-06, 0
8e-06, 0
8e-06, 0
9e-06, 0
8e-06, 0
8e-06, 0
8e-06, 0
8e-06, 0
8e-06, 0
8e-06, 0
9e-06, 0
8e-06, 0
9e-06, 0
9e-06, 0
9e-06, 0
8e-06, 0
8e-06, 0
8e-06, 0
8e-06, 0
3e-05, 0
8e-06, 0
8e-06, 0
8e-06, 0
8e-06, 0
9e-06, 0
7e-06, 0
7e-06, 0
8e-06, 0
7e-06, 0
9e-06, 0
6e-06, 0
6e-06, 0
6e-06, 0
6e-06, 0
6e-06, 0
6e-06, 0
6e-06, 0
6e-06, 0
6e-06, 0
6e-06, 0
6e-06, 0
6e-06, 0
